OPTIONS /api/v1/workflow/items status=200 duration_ms=0.46
OPTIONS /api/v1/workflow/items status=200 duration_ms=0.60
GET /api/v1/workflow/items status=200 duration_ms=8.42
GET /api/v1/workflow/items status=200 duration_ms=1.52
OPTIONS /api/v1/workflow/items status=200 duration_ms=0.25
POST /api/v1/workflow/items status=200 duration_ms=2.44
OPTIONS /api/v1/workflow/items status=200 duration_ms=0.28
GET /api/v1/workflow/items status=200 duration_ms=1.16
OPTIONS /api/v1/workflow/items status=200 duration_ms=0.15
POST /api/v1/workflow/items status=200 duration_ms=1.61
OPTIONS /api/v1/workflow/items status=200 duration_ms=0.34
GET /api/v1/workflow/items status=200 duration_ms=1.24
OPTIONS /api/v1/workflow/items status=200 duration_ms=0.16
GET /api/v1/workflow/items status=200 duration_ms=1.51
OPTIONS /api/v1/workflow/items/wf_a920c1c8/stage status=200 duration_ms=0.26
PATCH /api/v1/workflow/items/wf_a920c1c8/stage status=200 duration_ms=3.88
OPTIONS /api/v1/workflow/items status=200 duration_ms=0.22
GET /api/v1/workflow/items status=200 duration_ms=1.73
OPTIONS /api/v1/workflow/items/wf_a920c1c8/stage status=200 duration_ms=0.28
PATCH /api/v1/workflow/items/wf_a920c1c8/stage status=200 duration_ms=2.36
OPTIONS /api/v1/workflow/items status=200 duration_ms=0.27
GET /api/v1/workflow/items status=200 duration_ms=1.46
OPTIONS /api/v1/workflow/items status=200 duration_ms=0.18
GET /api/v1/workflow/items status=200 duration_ms=1.24
OPTIONS /api/v1/workflow/items/wf_a920c1c8/stage status=200 duration_ms=0.26
PATCH /api/v1/workflow/items/wf_a920c1c8/stage status=200 duration_ms=2.07
OPTIONS /api/v1/workflow/items status=200 duration_ms=0.31
GET /api/v1/workflow/items status=200 duration_ms=1.52
OPTIONS /api/v1/workflow/items/wf_f242f202/stage status=200 duration_ms=0.32
PATCH /api/v1/workflow/items/wf_f242f202/stage status=400 duration_ms=2.25
OPTIONS /api/v1/workflow/items/wf_f242f202/stage status=200 duration_ms=0.24
PATCH /api/v1/workflow/items/wf_f242f202/stage status=400 duration_ms=1.80
OPTIONS /api/v1/workflow/items/wf_f242f202/stage status=200 duration_ms=0.25
PATCH /api/v1/workflow/items/wf_f242f202/stage status=400 duration_ms=1.89
OPTIONS /api/v1/workflow/items/wf_a920c1c8/stage status=200 duration_ms=0.35
PATCH /api/v1/workflow/items/wf_a920c1c8/stage status=200 duration_ms=2.41
OPTIONS /api/v1/workflow/items status=200 duration_ms=0.31
GET /api/v1/workflow/items status=200 duration_ms=1.57
OPTIONS /api/v1/workflow/items/wf_a920c1c8/stage status=200 duration_ms=0.31
PATCH /api/v1/workflow/items/wf_a920c1c8/stage status=200 duration_ms=2.14
OPTIONS /api/v1/workflow/items status=200 duration_ms=0.30
GET /api/v1/workflow/items status=200 duration_ms=2.24
OPTIONS /api/v1/workflow/items/wf_f242f202/stage status=200 duration_ms=0.25
PATCH /api/v1/workflow/items/wf_f242f202/stage status=200 duration_ms=2.75
OPTIONS /api/v1/workflow/items status=200 duration_ms=0.26
GET /api/v1/workflow/items status=200 duration_ms=1.38
OPTIONS /api/v1/workflow/items/wf_f242f202/stage status=200 duration_ms=0.27
PATCH /api/v1/workflow/items/wf_f242f202/stage status=200 duration_ms=6.71
OPTIONS /api/v1/workflow/items status=200 duration_ms=0.28
GET /api/v1/workflow/items status=200 duration_ms=4.92
OPTIONS /api/v1/workflow/items/wf_f242f202/stage status=200 duration_ms=0.49
PATCH /api/v1/workflow/items/wf_f242f202/stage status=200 duration_ms=2.39
OPTIONS /api/v1/workflow/items status=200 duration_ms=0.28
GET /api/v1/workflow/items status=200 duration_ms=1.96
OPTIONS /api/v1/workflow/items/wf_f242f202/stage status=200 duration_ms=0.33
PATCH /api/v1/workflow/items/wf_f242f202/stage status=200 duration_ms=3.55
OPTIONS /api/v1/workflow/items status=200 duration_ms=0.31
GET /api/v1/workflow/items status=200 duration_ms=1.52
OPTIONS /api/v1/workflow/items/wf_f242f202/stage status=200 duration_ms=0.42
PATCH /api/v1/workflow/items/wf_f242f202/stage status=400 duration_ms=2.76
OPTIONS /api/v1/workflow/items/wf_f242f202/stage status=200 duration_ms=0.27
PATCH /api/v1/workflow/items/wf_f242f202/stage status=400 duration_ms=2.20
OPTIONS /api/v1/workflow/items/wf_f242f202/stage status=200 duration_ms=0.28
PATCH /api/v1/workflow/items/wf_f242f202/stage status=404 duration_ms=3.50
OPTIONS /api/v1/workflow/items/wf_f242f202/stage status=200 duration_ms=0.24
PATCH /api/v1/workflow/items/wf_f242f202/stage status=404 duration_ms=1.52
OPTIONS /api/v1/workflow/items/wf_f242f202/stage status=200 duration_ms=0.18
PATCH /api/v1/workflow/items/wf_f242f202/stage status=404 duration_ms=1.43
OPTIONS /api/v1/workflow/items status=200 duration_ms=0.17
GET /api/v1/workflow/items status=200 duration_ms=1.93
OPTIONS /api/v1/workflow/items status=200 duration_ms=0.40
GET /api/v1/workflow/items status=200 duration_ms=3.16
OPTIONS /api/v1/workflow/items status=200 duration_ms=0.25
POST /api/v1/workflow/items status=200 duration_ms=2.52
OPTIONS /api/v1/workflow/items status=200 duration_ms=0.31
GET /api/v1/workflow/items status=200 duration_ms=1.28
OPTIONS /api/v1/workflow/items status=200 duration_ms=0.24
POST /api/v1/workflow/items status=200 duration_ms=1.70
OPTIONS /api/v1/workflow/items status=200 duration_ms=0.19
GET /api/v1/workflow/items status=200 duration_ms=1.79
OPTIONS /api/v1/workflow/items/wf_c25c988c/stage status=200 duration_ms=0.24
PATCH /api/v1/workflow/items/wf_c25c988c/stage status=200 duration_ms=2.04
OPTIONS /api/v1/workflow/items status=200 duration_ms=0.18
GET /api/v1/workflow/items status=200 duration_ms=1.74
OPTIONS /api/v1/workflow/items/wf_c25c988c/stage status=200 duration_ms=0.14
PATCH /api/v1/workflow/items/wf_c25c988c/stage status=200 duration_ms=1.78
OPTIONS /api/v1/workflow/items status=200 duration_ms=0.25
GET /api/v1/workflow/items status=200 duration_ms=1.14
OPTIONS /api/v1/workflow/items/wf_c25c988c/stage status=200 duration_ms=0.24
PATCH /api/v1/workflow/items/wf_c25c988c/stage status=200 duration_ms=1.83
OPTIONS /api/v1/workflow/items status=200 duration_ms=0.24
GET /api/v1/workflow/items status=200 duration_ms=1.44
OPTIONS /api/v1/workflow/items/wf_e7b7668c/stage status=200 duration_ms=0.25
PATCH /api/v1/workflow/items/wf_e7b7668c/stage status=200 duration_ms=2.09
OPTIONS /api/v1/workflow/items status=200 duration_ms=0.39
GET /api/v1/workflow/items status=200 duration_ms=1.40
OPTIONS /api/v1/workflow/items/wf_c25c988c/stage status=200 duration_ms=0.14
PATCH /api/v1/workflow/items/wf_c25c988c/stage status=200 duration_ms=1.42
OPTIONS /api/v1/workflow/items status=200 duration_ms=0.23
GET /api/v1/workflow/items status=200 duration_ms=1.37
OPTIONS /api/v1/workflow/items/wf_e7b7668c/stage status=200 duration_ms=0.24
PATCH /api/v1/workflow/items/wf_e7b7668c/stage status=200 duration_ms=1.32
OPTIONS /api/v1/workflow/items status=200 duration_ms=0.23
GET /api/v1/workflow/items status=200 duration_ms=1.48
OPTIONS /api/v1/workflow/items status=200 duration_ms=0.52
GET /api/v1/workflow/items status=200 duration_ms=4.42
OPTIONS /api/v1/workflow/items status=200 duration_ms=0.34
POST /api/v1/workflow/items status=200 duration_ms=3.53
OPTIONS /api/v1/workflow/items status=200 duration_ms=0.25
GET /api/v1/workflow/items status=200 duration_ms=2.00
OPTIONS /api/v1/workflow/items status=200 duration_ms=0.24
GET /api/v1/workflow/items status=200 duration_ms=1.11
OPTIONS /api/v1/workflow/items/wf_2fa596c9/stage status=200 duration_ms=0.17
PATCH /api/v1/workflow/items/wf_2fa596c9/stage status=200 duration_ms=4.99
OPTIONS /api/v1/workflow/items status=200 duration_ms=0.22
GET /api/v1/workflow/items status=200 duration_ms=1.00
OPTIONS /api/v1/workflow/items/wf_2fa596c9/stage status=200 duration_ms=0.23
PATCH /api/v1/workflow/items/wf_2fa596c9/stage status=200 duration_ms=1.55
OPTIONS /api/v1/workflow/items status=200 duration_ms=0.18
GET /api/v1/workflow/items status=200 duration_ms=1.41
OPTIONS /api/v1/workflow/items/wf_2fa596c9/stage status=200 duration_ms=0.19
PATCH /api/v1/workflow/items/wf_2fa596c9/stage status=200 duration_ms=2.43
OPTIONS /api/v1/workflow/items status=200 duration_ms=0.27
GET /api/v1/workflow/items status=200 duration_ms=1.35
OPTIONS /api/v1/workflow/items status=200 duration_ms=0.22
GET /api/v1/workflow/items status=200 duration_ms=0.87
OPTIONS /api/v1/workflow/items/wf_2fa596c9/stage status=200 duration_ms=0.14
PATCH /api/v1/workflow/items/wf_2fa596c9/stage status=200 duration_ms=2.26
OPTIONS /api/v1/workflow/items status=200 duration_ms=0.27
GET /api/v1/workflow/items status=200 duration_ms=1.72
OPTIONS /api/v1/workflow/items/wf_2fa596c9/stage status=200 duration_ms=0.13
PATCH /api/v1/workflow/items/wf_2fa596c9/stage status=200 duration_ms=1.97
OPTIONS /api/v1/workflow/items status=200 duration_ms=0.51
GET /api/v1/workflow/items status=200 duration_ms=1.78
OPTIONS /api/v1/workflow/items/wf_2fa596c9/stage status=200 duration_ms=0.16
PATCH /api/v1/workflow/items/wf_2fa596c9/stage status=200 duration_ms=1.91
OPTIONS /api/v1/workflow/items status=200 duration_ms=0.30
GET /api/v1/workflow/items status=200 duration_ms=1.63
OPTIONS /api/v1/workflow/items status=200 duration_ms=0.68
POST /api/v1/workflow/items status=200 duration_ms=1.97
OPTIONS /api/v1/workflow/items status=200 duration_ms=0.28
GET /api/v1/workflow/items status=200 duration_ms=3.43
OPTIONS /api/v1/workflow/items/wf_32eb4719/stage status=200 duration_ms=0.15
PATCH /api/v1/workflow/items/wf_32eb4719/stage status=200 duration_ms=1.53
OPTIONS /api/v1/workflow/items status=200 duration_ms=0.26
GET /api/v1/workflow/items status=200 duration_ms=1.34
OPTIONS /api/v1/workflow/items/wf_32eb4719/stage status=200 duration_ms=0.18
PATCH /api/v1/workflow/items/wf_32eb4719/stage status=200 duration_ms=1.60
OPTIONS /api/v1/workflow/items status=200 duration_ms=0.17
GET /api/v1/workflow/items status=200 duration_ms=1.49
OPTIONS /api/v1/workflow/items/wf_32eb4719/stage status=200 duration_ms=0.23
PATCH /api/v1/workflow/items/wf_32eb4719/stage status=200 duration_ms=1.53
OPTIONS /api/v1/workflow/items status=200 duration_ms=0.28
GET /api/v1/workflow/items status=200 duration_ms=1.26
OPTIONS /api/v1/workflow/items status=200 duration_ms=0.13
GET /api/v1/workflow/items status=200 duration_ms=0.73
OPTIONS /api/v1/workflow/items/wf_32eb4719/stage status=200 duration_ms=0.28
PATCH /api/v1/workflow/items/wf_32eb4719/stage status=200 duration_ms=2.13
OPTIONS /api/v1/workflow/items status=200 duration_ms=0.23
GET /api/v1/workflow/items status=200 duration_ms=1.46
OPTIONS /api/v1/workflow/logs status=200 duration_ms=0.70
GET /api/v1/workflow/logs status=200 duration_ms=7.27
OPTIONS /api/v1/workflow/items status=200 duration_ms=0.33
GET /api/v1/workflow/items status=200 duration_ms=2.14
OPTIONS /api/v1/workflow/items status=200 duration_ms=0.25
POST /api/v1/workflow/items status=200 duration_ms=3.77
OPTIONS /api/v1/workflow/items status=200 duration_ms=0.37
GET /api/v1/workflow/items status=200 duration_ms=1.99
OPTIONS /api/v1/workflow/logs status=200 duration_ms=0.28
GET /api/v1/workflow/logs status=200 duration_ms=1.66
OPTIONS /api/v1/workflow/items/wf_06d0639b/stage status=200 duration_ms=0.33
PATCH /api/v1/workflow/items/wf_06d0639b/stage status=200 duration_ms=3.51
OPTIONS /api/v1/workflow/items status=200 duration_ms=0.30
GET /api/v1/workflow/items status=200 duration_ms=1.50
OPTIONS /api/v1/workflow/logs status=200 duration_ms=0.26
GET /api/v1/workflow/logs status=200 duration_ms=1.58
OPTIONS /api/v1/workflow/items/wf_06d0639b/stage status=200 duration_ms=0.30
PATCH /api/v1/workflow/items/wf_06d0639b/stage status=200 duration_ms=2.29
OPTIONS /api/v1/workflow/items status=200 duration_ms=0.30
GET /api/v1/workflow/items status=200 duration_ms=1.55
OPTIONS /api/v1/workflow/logs status=200 duration_ms=0.43
GET /api/v1/workflow/logs status=200 duration_ms=2.41
OPTIONS /api/v1/workflow/logs status=200 duration_ms=0.32
GET /api/v1/workflow/logs status=200 duration_ms=1.56
OPTIONS /api/v1/workflow/logs status=200 duration_ms=0.29
GET /api/v1/workflow/logs status=200 duration_ms=1.78
OPTIONS /api/v1/workflow/items status=200 duration_ms=0.23
GET /api/v1/workflow/items status=200 duration_ms=1.29
OPTIONS /api/v1/workflow/items status=200 duration_ms=0.18
GET /api/v1/workflow/items status=200 duration_ms=1.26
OPTIONS /api/v1/workflow/logs status=200 duration_ms=0.20
GET /api/v1/workflow/logs status=200 duration_ms=3.69
OPTIONS /api/v1/workflow/logs status=200 duration_ms=0.17
GET /api/v1/workflow/logs status=200 duration_ms=0.94
OPTIONS /api/v1/workflow/items status=200 duration_ms=0.27
GET /api/v1/workflow/items status=200 duration_ms=1.52
OPTIONS /api/v1/workflow/items status=200 duration_ms=0.17
GET /api/v1/workflow/items status=200 duration_ms=0.80
OPTIONS /api/v1/workflow/logs status=200 duration_ms=0.26
GET /api/v1/workflow/logs status=200 duration_ms=0.99
OPTIONS /api/v1/workflow/items status=200 duration_ms=0.27
GET /api/v1/workflow/items status=200 duration_ms=1.28
OPTIONS /api/v1/workflow/items status=200 duration_ms=0.27
POST /api/v1/workflow/items status=200 duration_ms=3.54
OPTIONS /api/v1/workflow/items status=200 duration_ms=0.27
GET /api/v1/workflow/items status=200 duration_ms=1.53
OPTIONS /api/v1/workflow/logs status=200 duration_ms=0.33
GET /api/v1/workflow/logs status=200 duration_ms=1.39
OPTIONS /api/v1/workflow/items/wf_05906264/stage status=200 duration_ms=0.25
PATCH /api/v1/workflow/items/wf_05906264/stage status=200 duration_ms=2.11
OPTIONS /api/v1/workflow/items status=200 duration_ms=0.38
GET /api/v1/workflow/items status=200 duration_ms=1.58
OPTIONS /api/v1/workflow/logs status=200 duration_ms=0.38
GET /api/v1/workflow/logs status=200 duration_ms=2.33
OPTIONS /api/v1/workflow/items/wf_05906264 status=200 duration_ms=0.32
GET /api/v1/workflow/items/wf_05906264 status=200 duration_ms=2.00
OPTIONS /api/v1/workflow/items status=200 duration_ms=0.36
GET /api/v1/workflow/items status=200 duration_ms=3.23
OPTIONS /api/v1/workflow/items status=200 duration_ms=0.36
POST /api/v1/workflow/items status=200 duration_ms=5.67
OPTIONS /api/v1/workflow/items status=200 duration_ms=0.28
GET /api/v1/workflow/items status=200 duration_ms=2.32
OPTIONS /api/v1/workflow/logs status=200 duration_ms=0.33
GET /api/v1/workflow/logs status=200 duration_ms=1.68
OPTIONS /api/v1/workflow/logs status=200 duration_ms=0.14
GET /api/v1/workflow/logs status=200 duration_ms=1.09
OPTIONS /api/v1/team/tasks/extract status=200 duration_ms=0.21
POST /api/v1/team/tasks/extract status=200 duration_ms=2.04
OPTIONS /api/v1/team/summaries status=200 duration_ms=0.26
POST /api/v1/team/summaries status=200 duration_ms=1.69
OPTIONS /api/v1/team/process status=200 duration_ms=0.26
POST /api/v1/team/process status=200 duration_ms=16.81
OPTIONS /api/v1/team/process status=200 duration_ms=0.17
POST /api/v1/team/process status=200 duration_ms=3.75
OPTIONS /api/v1/team/reminders/run status=200 duration_ms=0.22
POST /api/v1/team/reminders/run status=200 duration_ms=2.94
OPTIONS /api/v1/team/reminders/run status=200 duration_ms=0.13
POST /api/v1/team/reminders/run status=200 duration_ms=1.43
OPTIONS /api/v1/team/reminders/run status=200 duration_ms=0.23
POST /api/v1/team/reminders/run status=200 duration_ms=1.79
OPTIONS /api/v1/team/reminders/run status=200 duration_ms=0.19
POST /api/v1/team/reminders/run status=200 duration_ms=1.06
OPTIONS /api/v1/team/reminders/run status=200 duration_ms=0.14
POST /api/v1/team/reminders/run status=200 duration_ms=1.95
OPTIONS /api/v1/team/reminders/run status=200 duration_ms=0.25
POST /api/v1/team/reminders/run status=200 duration_ms=2.17
OPTIONS /api/v1/team/reminders/run status=200 duration_ms=0.15
POST /api/v1/team/reminders/run status=200 duration_ms=1.23
OPTIONS /api/v1/team/process status=200 duration_ms=0.21
POST /api/v1/team/process status=200 duration_ms=1.76
OPTIONS /api/v1/team/process status=200 duration_ms=0.25
POST /api/v1/team/process status=200 duration_ms=2.79
OPTIONS /api/v1/team/reminders/run status=200 duration_ms=0.22
POST /api/v1/team/reminders/run status=200 duration_ms=1.65
OPTIONS /api/v1/workflow/logs status=200 duration_ms=0.19
GET /api/v1/workflow/logs status=200 duration_ms=1.91
OPTIONS /api/v1/workflow/items status=200 duration_ms=0.27
GET /api/v1/workflow/items status=200 duration_ms=1.10
OPTIONS /api/v1/workflow/items status=200 duration_ms=0.14
GET /api/v1/workflow/items status=200 duration_ms=0.84
OPTIONS /api/v1/workflow/items status=200 duration_ms=0.20
GET /api/v1/workflow/items status=200 duration_ms=1.08
OPTIONS /api/v1/workflow/items status=200 duration_ms=0.26
GET /api/v1/workflow/items status=200 duration_ms=1.23
OPTIONS /api/v1/auth/register status=200 duration_ms=0.45 user=anonymous
POST /api/v1/auth/register status=422 duration_ms=6.66 user=anonymous
OPTIONS /api/v1/auth/login status=200 duration_ms=0.16 user=anonymous
POST /api/v1/auth/login status=401 duration_ms=3.92 user=anonymous
POST /api/v1/auth/register status=200 duration_ms=3.52 user=anonymous
POST /api/v1/auth/login status=200 duration_ms=2.54 user=anonymous
POST /api/v1/auth/login status=401 duration_ms=4.50 user=anonymous
POST /api/v1/auth/login status=401 duration_ms=1.77 user=anonymous
POST /api/v1/auth/login status=401 duration_ms=1.15 user=anonymous
POST /api/v1/auth/register status=200 duration_ms=2.79 user=anonymous
POST /api/v1/auth/login status=200 duration_ms=1.47 user=anonymous
GET /api/v1/chat/users status=200 duration_ms=2.02 user=usr_35fd092a
GET /api/v1/chat/groups status=200 duration_ms=4.65 user=usr_35fd092a
POST /api/v1/auth/login status=200 duration_ms=1.48 user=anonymous
GET /api/v1/chat/users status=200 duration_ms=3.09 user=usr_35fd092a
GET /api/v1/chat/groups status=200 duration_ms=3.11 user=usr_35fd092a
POST /api/v1/auth/login status=401 duration_ms=3.69 user=anonymous
POST /api/v1/auth/register status=200 duration_ms=2.14 user=anonymous
POST /api/v1/auth/login status=200 duration_ms=1.86 user=anonymous
GET /api/v1/chat/users status=200 duration_ms=3.65 user=usr_7ca2471d
GET /api/v1/chat/groups status=200 duration_ms=4.49 user=usr_7ca2471d
POST /api/v1/auth/login status=200 duration_ms=1.34 user=anonymous
GET /api/v1/chat/groups status=200 duration_ms=1.69 user=usr_7ca2471d
GET /api/v1/chat/users status=200 duration_ms=4.03 user=usr_7ca2471d
POST /api/v1/auth/register status=200 duration_ms=1.81 user=anonymous
POST /api/v1/auth/login status=401 duration_ms=0.95 user=anonymous
POST /api/v1/auth/register status=400 duration_ms=1.42 user=anonymous
POST /api/v1/auth/register status=200 duration_ms=17.11 user=anonymous
POST /api/v1/auth/login status=200 duration_ms=2.20 user=anonymous
GET /api/v1/chat/users status=200 duration_ms=3.53 user=usr_cf3012d0
GET /api/v1/chat/groups status=200 duration_ms=3.95 user=usr_cf3012d0
GET /api/v1/chat/users status=200 duration_ms=4.46 user=usr_cf3012d0
GET /api/v1/chat/groups status=200 duration_ms=5.42 user=usr_cf3012d0
GET /api/v1/chat/users status=200 duration_ms=2.14 user=usr_cf3012d0
GET /api/v1/chat/groups status=200 duration_ms=2.52 user=usr_cf3012d0
GET /api/v1/chat/users status=200 duration_ms=25.21 user=usr_cf3012d0
GET /api/v1/chat/groups status=200 duration_ms=2.06 user=usr_cf3012d0
POST /api/v1/chat/groups status=200 duration_ms=2.38 user=usr_cf3012d0
GET /api/v1/chat/groups status=200 duration_ms=1.03 user=usr_cf3012d0
GET /api/v1/chat/groups/grp_b1f9747d/messages status=200 duration_ms=1.60 user=usr_cf3012d0
GET /api/v1/health status=200 duration_ms=5.63 user=anonymous
POST /api/v1/auth/login status=401 duration_ms=15.69 user=anonymous
POST /api/v1/auth/register status=200 duration_ms=9.44 user=anonymous
POST /api/v1/auth/login status=200 duration_ms=7.60 user=anonymous
GET /api/v1/chat/users status=200 duration_ms=7.90 user=usr_4b1627b1
GET /api/v1/chat/groups status=200 duration_ms=9.66 user=usr_4b1627b1
GET /api/v1/chat/groups status=200 duration_ms=7.02 user=usr_4b1627b1
GET /api/v1/chat/users status=200 duration_ms=6.45 user=usr_4b1627b1
GET /api/v1/chat/users status=200 duration_ms=3.47 user=usr_4b1627b1
GET /api/v1/chat/groups status=200 duration_ms=3.82 user=usr_4b1627b1
GET /api/v1/chat/users status=200 duration_ms=3.01 user=usr_4b1627b1
GET /api/v1/chat/groups status=200 duration_ms=3.71 user=usr_4b1627b1
POST /api/v1/chat/groups status=200 duration_ms=7.36 user=usr_4b1627b1
GET /api/v1/chat/groups status=200 duration_ms=3.05 user=usr_4b1627b1
GET /api/v1/chat/groups/grp_58b1c055/messages status=200 duration_ms=3.06 user=usr_4b1627b1
POST /api/v1/chat/groups/grp_58b1c055/messages status=200 duration_ms=7.68 user=usr_4b1627b1
GET /api/v1/chat/groups/grp_58b1c055/messages status=200 duration_ms=3.97 user=usr_4b1627b1
POST /api/v1/chat/groups/grp_58b1c055/messages status=200 duration_ms=6.07 user=usr_4b1627b1
GET /api/v1/chat/groups/grp_58b1c055/messages status=200 duration_ms=3.65 user=usr_4b1627b1
GET /api/v1/chat/groups/grp_58b1c055/requests status=200 duration_ms=5.15 user=usr_4b1627b1
GET /api/v1/chat/groups/grp_58b1c055/requests status=200 duration_ms=4.38 user=usr_4b1627b1
GET /api/v1/chat/users status=200 duration_ms=32.93 user=usr_4b1627b1
GET /api/v1/chat/groups status=200 duration_ms=34.98 user=usr_4b1627b1
GET /api/v1/chat/users status=200 duration_ms=3.37 user=usr_4b1627b1
GET /api/v1/chat/groups status=200 duration_ms=3.64 user=usr_4b1627b1
POST /api/v1/auth/login status=200 duration_ms=7.63 user=anonymous
GET /api/v1/chat/users status=200 duration_ms=4.75 user=usr_4b1627b1
GET /api/v1/chat/groups status=200 duration_ms=3.46 user=usr_4b1627b1
GET /api/v1/chat/users status=200 duration_ms=7.99 user=usr_4b1627b1
GET /api/v1/chat/groups status=200 duration_ms=9.44 user=usr_4b1627b1
POST /api/v1/team/process status=200 duration_ms=73.45 user=usr_4b1627b1
POST /api/v1/team/process status=200 duration_ms=6.94 user=usr_4b1627b1
POST /api/v1/team/process status=200 duration_ms=12.12 user=usr_4b1627b1
POST /api/v1/team/process status=200 duration_ms=3.80 user=usr_4b1627b1
GET /api/v1/chat/groups status=200 duration_ms=6.87 user=usr_4b1627b1
GET /api/v1/chat/users status=200 duration_ms=11.23 user=usr_4b1627b1
GET /api/v1/chat/groups status=200 duration_ms=2.96 user=usr_4b1627b1
GET /api/v1/chat/users status=200 duration_ms=3.55 user=usr_4b1627b1
POST /api/v1/auth/login status=401 duration_ms=10.10 user=anonymous
POST /api/v1/auth/login status=401 duration_ms=4.31 user=anonymous
POST /api/v1/auth/register status=200 duration_ms=9.01 user=anonymous
POST /api/v1/auth/login status=200 duration_ms=5.17 user=anonymous
GET /api/v1/chat/users status=200 duration_ms=11.21 user=usr_85adf81e
GET /api/v1/chat/groups status=200 duration_ms=10.58 user=usr_85adf81e
GET /api/v1/chat/users status=200 duration_ms=5.24 user=usr_85adf81e
GET /api/v1/chat/groups status=200 duration_ms=8.02 user=usr_85adf81e
POST /api/v1/team/process status=200 duration_ms=683.88 user=usr_85adf81e
POST /api/v1/team/process status=200 duration_ms=359.91 user=usr_85adf81e
POST /api/v1/auth/login status=401 duration_ms=10.30 user=anonymous
POST /api/v1/auth/register status=200 duration_ms=5.99 user=anonymous
POST /api/v1/auth/login status=200 duration_ms=5.08 user=anonymous
GET /api/v1/chat/users status=200 duration_ms=10.62 user=usr_5e02c1b9
GET /api/v1/chat/groups status=200 duration_ms=9.25 user=usr_5e02c1b9
GET /api/v1/chat/users status=200 duration_ms=4.97 user=usr_5e02c1b9
GET /api/v1/chat/groups status=200 duration_ms=6.32 user=usr_5e02c1b9
POST /api/v1/team/process status=200 duration_ms=1519.67 user=usr_5e02c1b9
POST /api/v1/auth/register status=200 duration_ms=9.44 user=anonymous
POST /api/v1/auth/login status=200 duration_ms=3.17 user=anonymous
GET /api/v1/chat/users status=200 duration_ms=3.67 user=usr_8e429851
GET /api/v1/chat/groups status=200 duration_ms=3.74 user=usr_8e429851
GET /api/v1/chat/groups status=200 duration_ms=1.25 user=usr_8e429851
GET /api/v1/chat/users status=200 duration_ms=2.96 user=usr_8e429851
POST /api/v1/team/process status=200 duration_ms=4394.61 user=usr_8e429851
POST /api/v1/team/process status=200 duration_ms=7558.67 user=usr_8e429851
POST /api/v1/team/reminders/run status=200 duration_ms=1.50 user=usr_8e429851
POST /api/v1/auth/register status=200 duration_ms=10.99 user=anonymous
POST /api/v1/auth/login status=200 duration_ms=2.70 user=anonymous
POST /api/v1/team/process status=200 duration_ms=501.67 user=usr_640e2b04
POST /api/v1/team/process status=200 duration_ms=272.22 user=usr_640e2b04
GET /api/v1/team/tasks status=200 duration_ms=3.76 user=usr_640e2b04
POST /api/v1/team/process status=200 duration_ms=257.97 user=usr_640e2b04
GET /api/v1/workflow/items status=200 duration_ms=4.58 user=usr_640e2b04
POST /api/v1/workflow/items status=200 duration_ms=6.02 user=usr_640e2b04
GET /api/v1/workflow/items status=200 duration_ms=3.48 user=usr_640e2b04
GET /api/v1/workflow/logs status=200 duration_ms=3.94 user=usr_640e2b04
PATCH /api/v1/workflow/items/wf_b8571f3a/stage status=200 duration_ms=4.28 user=usr_640e2b04
GET /api/v1/workflow/items status=200 duration_ms=2.10 user=usr_640e2b04
GET /api/v1/workflow/logs status=200 duration_ms=3.46 user=usr_640e2b04
PATCH /api/v1/workflow/items/wf_b8571f3a/stage status=200 duration_ms=3.71 user=usr_640e2b04
GET /api/v1/workflow/items status=200 duration_ms=2.58 user=usr_640e2b04
GET /api/v1/workflow/logs status=200 duration_ms=2.66 user=usr_640e2b04
PATCH /api/v1/workflow/items/wf_b8571f3a/stage status=200 duration_ms=3.49 user=usr_640e2b04
GET /api/v1/workflow/items status=200 duration_ms=1.90 user=usr_640e2b04
GET /api/v1/workflow/logs status=200 duration_ms=2.84 user=usr_640e2b04
PATCH /api/v1/workflow/items/wf_b8571f3a/stage status=200 duration_ms=4.43 user=usr_640e2b04
GET /api/v1/workflow/items status=200 duration_ms=2.13 user=usr_640e2b04
GET /api/v1/workflow/logs status=200 duration_ms=3.41 user=usr_640e2b04
PATCH /api/v1/workflow/items/wf_b8571f3a/stage status=200 duration_ms=3.30 user=usr_640e2b04
GET /api/v1/workflow/items status=200 duration_ms=1.67 user=usr_640e2b04
GET /api/v1/workflow/logs status=200 duration_ms=2.26 user=usr_640e2b04
PATCH /api/v1/workflow/items/wf_b8571f3a/stage status=200 duration_ms=2.58 user=usr_640e2b04
GET /api/v1/workflow/items status=200 duration_ms=2.96 user=usr_640e2b04
GET /api/v1/workflow/logs status=200 duration_ms=2.08 user=usr_640e2b04
GET /api/v1/workflow/logs status=200 duration_ms=2.64 user=usr_640e2b04
GET /api/v1/workflow/items status=200 duration_ms=2.22 user=usr_640e2b04
GET /api/v1/workflow/items status=200 duration_ms=2.35 user=usr_640e2b04
GET /api/v1/workflow/items status=200 duration_ms=2.00 user=usr_640e2b04
PATCH /api/v1/workflow/items/wf_b8571f3a/stage status=200 duration_ms=3.32 user=usr_640e2b04
GET /api/v1/workflow/items status=200 duration_ms=1.75 user=usr_640e2b04
GET /api/v1/workflow/logs status=200 duration_ms=2.76 user=usr_640e2b04
PATCH /api/v1/workflow/items/wf_b8571f3a/stage status=200 duration_ms=5.43 user=usr_640e2b04
GET /api/v1/workflow/items status=200 duration_ms=33.53 user=usr_640e2b04
GET /api/v1/workflow/logs status=200 duration_ms=1.20 user=usr_640e2b04
GET /api/v1/workflow/items status=200 duration_ms=2.54 user=usr_640e2b04
PATCH /api/v1/workflow/items/wf_b8571f3a/stage status=200 duration_ms=2.52 user=usr_640e2b04
GET /api/v1/workflow/items status=200 duration_ms=3.28 user=usr_640e2b04
GET /api/v1/workflow/logs status=200 duration_ms=2.32 user=usr_640e2b04
PATCH /api/v1/workflow/items/wf_b8571f3a/stage status=200 duration_ms=3.49 user=usr_640e2b04
GET /api/v1/workflow/items status=200 duration_ms=2.16 user=usr_640e2b04
GET /api/v1/workflow/logs status=200 duration_ms=2.47 user=usr_640e2b04
PATCH /api/v1/workflow/items/wf_b8571f3a/stage status=200 duration_ms=2.28 user=usr_640e2b04
GET /api/v1/workflow/items status=200 duration_ms=2.80 user=usr_640e2b04
GET /api/v1/workflow/logs status=200 duration_ms=3.83 user=usr_640e2b04
GET /api/v1/workflow/logs status=200 duration_ms=2.68 user=usr_640e2b04
GET /api/v1/workflow/items status=200 duration_ms=2.83 user=usr_640e2b04
POST /api/v1/team/process status=200 duration_ms=304.95 user=usr_640e2b04
GET /api/v1/workflow/items status=200 duration_ms=1.11 user=usr_640e2b04
GET /api/v1/chat/users status=200 duration_ms=6.45 user=usr_640e2b04
GET /api/v1/chat/groups status=200 duration_ms=5.56 user=usr_640e2b04
GET /api/v1/chat/users status=200 duration_ms=4.39 user=usr_640e2b04
GET /api/v1/chat/groups status=200 duration_ms=4.22 user=usr_640e2b04
POST /api/v1/chat/groups status=200 duration_ms=8.59 user=usr_640e2b04
GET /api/v1/chat/groups status=200 duration_ms=3.59 user=usr_640e2b04
GET /api/v1/chat/groups/grp_f4ab0f4b/messages status=200 duration_ms=3.49 user=usr_640e2b04
POST /api/v1/team/process status=200 duration_ms=500.92 user=usr_640e2b04
GET /api/v1/chat/users status=200 duration_ms=1.62 user=usr_640e2b04
GET /api/v1/chat/groups status=200 duration_ms=2.46 user=usr_640e2b04
GET /api/v1/chat/users status=200 duration_ms=2.79 user=usr_640e2b04
GET /api/v1/chat/groups status=200 duration_ms=1.28 user=usr_640e2b04
POST /api/v1/auth/register status=200 duration_ms=13.00 user=anonymous
POST /api/v1/auth/login status=200 duration_ms=1.54 user=anonymous
POST /api/v1/workflow/items status=200 duration_ms=4.82 user=usr_b2f0e5a9
GET /api/v1/workflow/items status=200 duration_ms=1.95 user=usr_b2f0e5a9
GET /api/v1/workflow/logs status=200 duration_ms=1.83 user=usr_b2f0e5a9
GET /api/v1/workflow/items status=200 duration_ms=1.95 user=usr_b2f0e5a9
GET /api/v1/workflow/logs status=200 duration_ms=1.56 user=usr_b2f0e5a9
GET /api/v1/team/tasks status=200 duration_ms=1.33 user=usr_b2f0e5a9
GET /api/v1/team/tasks status=200 duration_ms=1.35 user=usr_b2f0e5a9
GET /api/v1/team/tasks status=200 duration_ms=3.60 user=usr_b2f0e5a9
POST /api/v1/team/process status=200 duration_ms=265.79 user=usr_b2f0e5a9
POST /api/v1/auth/login status=401 duration_ms=5.85 user=anonymous
POST /api/v1/auth/login status=401 duration_ms=1.38 user=anonymous
POST /api/v1/auth/register status=200 duration_ms=8.67 user=anonymous
POST /api/v1/auth/login status=200 duration_ms=3.43 user=anonymous
GET /api/v1/chat/users status=200 duration_ms=2.80 user=usr_39c96a12
GET /api/v1/chat/groups status=200 duration_ms=1.67 user=usr_39c96a12
GET /api/v1/chat/users status=200 duration_ms=2.87 user=usr_39c96a12
GET /api/v1/chat/groups status=200 duration_ms=3.80 user=usr_39c96a12
GET /api/v1/chat/groups status=200 duration_ms=1.63 user=usr_39c96a12
GET /api/v1/chat/users status=200 duration_ms=2.49 user=usr_39c96a12
GET /api/v1/chat/groups status=200 duration_ms=1.32 user=usr_39c96a12
GET /api/v1/chat/users status=200 duration_ms=3.05 user=usr_39c96a12
GET /api/v1/chat/groups status=200 duration_ms=3.54 user=usr_39c96a12
GET /api/v1/chat/users status=200 duration_ms=1.36 user=usr_39c96a12
GET /api/v1/chat/groups status=200 duration_ms=3.06 user=usr_39c96a12
GET /api/v1/chat/users status=200 duration_ms=3.28 user=usr_39c96a12
GET /api/v1/chat/groups status=200 duration_ms=1.80 user=usr_39c96a12
GET /api/v1/chat/groups status=200 duration_ms=1.94 user=usr_39c96a12
GET /api/v1/chat/users status=200 duration_ms=4.33 user=usr_39c96a12
GET /api/v1/chat/groups status=200 duration_ms=1.99 user=usr_39c96a12
GET /api/v1/chat/users status=200 duration_ms=2.50 user=usr_39c96a12
GET /api/v1/chat/groups status=200 duration_ms=2.10 user=usr_39c96a12
GET /api/v1/chat/users status=200 duration_ms=3.79 user=usr_39c96a12
POST /api/v1/auth/register status=200 duration_ms=1.43 user=anonymous
POST /api/v1/auth/login status=200 duration_ms=1.04 user=anonymous
GET /api/v1/chat/users status=200 duration_ms=2.55 user=usr_8ec599d1
GET /api/v1/chat/groups status=200 duration_ms=2.25 user=usr_8ec599d1
GET /api/v1/chat/users status=200 duration_ms=2.54 user=usr_8ec599d1
GET /api/v1/chat/groups status=200 duration_ms=1.33 user=usr_8ec599d1
GET /api/v1/chat/dm/usr_39c96a12 status=200 duration_ms=1.48 user=usr_8ec599d1
POST /api/v1/chat/dm/usr_39c96a12 status=200 duration_ms=1.35 user=usr_8ec599d1
GET /api/v1/chat/dm/usr_39c96a12 status=200 duration_ms=0.99 user=usr_8ec599d1
POST /api/v1/chat/dm/usr_39c96a12 status=200 duration_ms=1.58 user=usr_8ec599d1
GET /api/v1/chat/dm/usr_39c96a12 status=200 duration_ms=1.18 user=usr_8ec599d1
POST /api/v1/chat/groups status=200 duration_ms=2.42 user=usr_8ec599d1
GET /api/v1/chat/groups status=200 duration_ms=1.00 user=usr_8ec599d1
GET /api/v1/chat/groups/grp_5adb2372/requests status=200 duration_ms=1.63 user=usr_8ec599d1
GET /api/v1/chat/groups/grp_5adb2372/requests status=200 duration_ms=1.49 user=usr_8ec599d1
GET /api/v1/chat/groups/grp_5adb2372/messages status=200 duration_ms=1.95 user=usr_8ec599d1
POST /api/v1/chat/groups/grp_5adb2372/messages status=200 duration_ms=2.05 user=usr_8ec599d1
GET /api/v1/chat/groups/grp_5adb2372/messages status=200 duration_ms=1.23 user=usr_8ec599d1
GET /api/v1/chat/users status=200 duration_ms=3.63 user=usr_8ec599d1
GET /api/v1/chat/groups status=200 duration_ms=3.37 user=usr_8ec599d1
GET /api/v1/chat/users status=200 duration_ms=2.91 user=usr_8ec599d1
GET /api/v1/chat/groups status=200 duration_ms=3.44 user=usr_8ec599d1
POST /api/v1/auth/register status=422 duration_ms=3.81 user=anonymous
POST /api/v1/auth/register status=422 duration_ms=0.91 user=anonymous
POST /api/v1/auth/register status=422 duration_ms=1.30 user=anonymous
POST /api/v1/auth/register status=400 duration_ms=1.33 user=anonymous
POST /api/v1/auth/register status=400 duration_ms=1.59 user=anonymous
POST /api/v1/auth/register status=400 duration_ms=1.16 user=anonymous
POST /api/v1/auth/register status=400 duration_ms=1.08 user=anonymous
POST /api/v1/auth/register status=400 duration_ms=0.95 user=anonymous
POST /api/v1/auth/register status=400 duration_ms=1.21 user=anonymous
POST /api/v1/auth/register status=400 duration_ms=2.81 user=anonymous
POST /api/v1/auth/login status=200 duration_ms=1.75 user=anonymous
GET /api/v1/chat/users status=200 duration_ms=1.26 user=usr_8ec599d1
GET /api/v1/chat/groups status=200 duration_ms=1.94 user=usr_8ec599d1
GET /api/v1/chat/users status=200 duration_ms=2.75 user=usr_8ec599d1
GET /api/v1/chat/groups status=200 duration_ms=1.23 user=usr_8ec599d1
GET /api/v1/chat/dm/usr_39c96a12 status=200 duration_ms=1.22 user=usr_8ec599d1
POST /api/v1/chat/dm/usr_39c96a12 status=200 duration_ms=1.33 user=usr_8ec599d1
GET /api/v1/chat/dm/usr_39c96a12 status=200 duration_ms=0.98 user=usr_8ec599d1
GET /api/v1/chat/users status=200 duration_ms=40.93 user=usr_8ec599d1
GET /api/v1/chat/groups status=200 duration_ms=57.17 user=usr_8ec599d1
GET /api/v1/chat/groups status=200 duration_ms=15.63 user=usr_8ec599d1
GET /api/v1/chat/groups status=200 duration_ms=1.53 user=usr_8ec599d1
GET /api/v1/chat/dm/usr_39c96a12 status=200 duration_ms=1.28 user=usr_8ec599d1
GET /api/v1/chat/groups status=200 duration_ms=1.19 user=usr_8ec599d1
GET /api/v1/chat/groups status=200 duration_ms=1.05 user=usr_8ec599d1
GET /api/v1/chat/groups status=200 duration_ms=1.13 user=usr_8ec599d1
GET /api/v1/chat/users status=200 duration_ms=2.99 user=usr_8ec599d1
GET /api/v1/chat/groups status=200 duration_ms=3.03 user=usr_8ec599d1
GET /api/v1/chat/users status=200 duration_ms=3.82 user=usr_8ec599d1
GET /api/v1/chat/groups status=200 duration_ms=3.87 user=usr_8ec599d1
GET /api/v1/chat/users status=200 duration_ms=4.59 user=usr_8ec599d1
GET /api/v1/chat/groups status=200 duration_ms=5.41 user=usr_8ec599d1
GET /api/v1/chat/dm/usr_39c96a12 status=200 duration_ms=4.16 user=usr_8ec599d1
GET /api/v1/chat/users status=200 duration_ms=2.93 user=usr_8ec599d1
GET /api/v1/chat/groups status=200 duration_ms=3.37 user=usr_8ec599d1
GET /api/v1/chat/dm/usr_39c96a12 status=200 duration_ms=2.50 user=usr_8ec599d1
GET /api/v1/chat/users status=200 duration_ms=2.31 user=usr_8ec599d1
GET /api/v1/chat/groups status=200 duration_ms=1.28 user=usr_8ec599d1
GET /api/v1/chat/users status=200 duration_ms=8.70 user=usr_8ec599d1
GET /api/v1/chat/groups status=200 duration_ms=10.72 user=usr_8ec599d1
GET /api/v1/chat/dm/usr_39c96a12 status=200 duration_ms=1.27 user=usr_8ec599d1
GET /api/v1/chat/users status=200 duration_ms=2.83 user=usr_8ec599d1
GET /api/v1/chat/groups status=200 duration_ms=1.44 user=usr_8ec599d1
GET /api/v1/chat/dm/usr_39c96a12 status=200 duration_ms=2.15 user=usr_8ec599d1
GET /api/v1/chat/users status=200 duration_ms=4.69 user=usr_8ec599d1
GET /api/v1/chat/groups status=200 duration_ms=7.00 user=usr_8ec599d1
GET /api/v1/chat/dm/usr_39c96a12 status=200 duration_ms=1.75 user=usr_8ec599d1
GET /api/v1/chat/groups status=200 duration_ms=1.26 user=usr_8ec599d1
GET /api/v1/chat/users status=200 duration_ms=3.45 user=usr_8ec599d1
GET /api/v1/chat/users status=200 duration_ms=1.73 user=usr_8ec599d1
GET /api/v1/chat/groups status=200 duration_ms=1.66 user=usr_8ec599d1
GET /api/v1/chat/users status=200 duration_ms=3.01 user=usr_8ec599d1
GET /api/v1/chat/groups status=200 duration_ms=6.25 user=usr_8ec599d1
GET /api/v1/chat/dm/usr_39c96a12 status=200 duration_ms=5.42 user=usr_8ec599d1
GET /api/v1/chat/users status=200 duration_ms=8.16 user=usr_8ec599d1
GET /api/v1/chat/groups status=200 duration_ms=7.20 user=usr_8ec599d1
GET /api/v1/chat/dm/usr_39c96a12 status=200 duration_ms=3.24 user=usr_8ec599d1
GET /api/v1/chat/users status=200 duration_ms=2.18 user=usr_8ec599d1
GET /api/v1/chat/groups status=200 duration_ms=1.50 user=usr_8ec599d1
GET /api/v1/chat/users status=200 duration_ms=8.57 user=usr_8ec599d1
GET /api/v1/chat/groups status=200 duration_ms=9.44 user=usr_8ec599d1
GET /api/v1/chat/dm/usr_39c96a12 status=200 duration_ms=4.95 user=usr_8ec599d1
GET /api/v1/chat/groups status=200 duration_ms=4.24 user=usr_8ec599d1
GET /api/v1/chat/users status=200 duration_ms=9.31 user=usr_8ec599d1
GET /api/v1/chat/dm/usr_39c96a12 status=200 duration_ms=3.72 user=usr_8ec599d1
GET /api/v1/chat/groups status=200 duration_ms=1.75 user=usr_8ec599d1
GET /api/v1/chat/users status=200 duration_ms=4.23 user=usr_8ec599d1
GET /api/v1/chat/users status=200 duration_ms=2.60 user=usr_8ec599d1
GET /api/v1/chat/groups status=200 duration_ms=3.77 user=usr_8ec599d1
GET /api/v1/chat/users status=200 duration_ms=2.38 user=usr_8ec599d1
GET /api/v1/chat/groups status=200 duration_ms=3.59 user=usr_8ec599d1
GET /api/v1/chat/users status=200 duration_ms=1.91 user=usr_8ec599d1
GET /api/v1/chat/groups status=200 duration_ms=2.65 user=usr_8ec599d1
GET /api/v1/chat/users status=200 duration_ms=3.56 user=usr_8ec599d1
GET /api/v1/chat/groups status=200 duration_ms=4.14 user=usr_8ec599d1
GET /api/v1/chat/users status=200 duration_ms=13.87 user=usr_8ec599d1
GET /api/v1/chat/groups status=200 duration_ms=14.92 user=usr_8ec599d1
GET /api/v1/chat/users status=200 duration_ms=3.21 user=usr_8ec599d1
GET /api/v1/chat/dm/usr_39c96a12 status=200 duration_ms=7.19 user=usr_8ec599d1
GET /api/v1/chat/groups status=200 duration_ms=10.48 user=usr_8ec599d1
GET /api/v1/chat/dm/usr_39c96a12 status=200 duration_ms=5.85 user=usr_8ec599d1
GET /api/v1/chat/users status=200 duration_ms=4.61 user=usr_8ec599d1
GET /api/v1/chat/groups status=200 duration_ms=3.75 user=usr_8ec599d1
GET /api/v1/chat/groups status=200 duration_ms=2.49 user=usr_8ec599d1
GET /api/v1/chat/users status=200 duration_ms=5.58 user=usr_8ec599d1
GET /api/v1/chat/dm/usr_39c96a12 status=200 duration_ms=1.58 user=usr_8ec599d1
GET /api/v1/chat/dm/usr_39c96a12 status=200 duration_ms=0.99 user=usr_8ec599d1
GET /api/v1/chat/users status=200 duration_ms=2.18 user=usr_8ec599d1
GET /api/v1/chat/groups status=200 duration_ms=2.79 user=usr_8ec599d1
GET /api/v1/chat/dm/usr_39c96a12 status=200 duration_ms=0.95 user=usr_8ec599d1
GET /api/v1/chat/groups/grp_5adb2372/requests status=200 duration_ms=1.07 user=usr_8ec599d1
GET /api/v1/chat/users status=200 duration_ms=2.85 user=usr_8ec599d1
GET /api/v1/chat/groups status=200 duration_ms=3.47 user=usr_8ec599d1
GET /api/v1/chat/users status=200 duration_ms=2.57 user=usr_8ec599d1
GET /api/v1/chat/groups status=200 duration_ms=2.93 user=usr_8ec599d1
GET /api/v1/chat/dm/usr_39c96a12 status=200 duration_ms=1.05 user=usr_8ec599d1
GET /api/v1/chat/users status=200 duration_ms=1.40 user=usr_8ec599d1
GET /api/v1/chat/groups status=200 duration_ms=1.94 user=usr_8ec599d1
GET /api/v1/chat/users status=200 duration_ms=2.41 user=usr_8ec599d1
GET /api/v1/chat/groups status=200 duration_ms=2.85 user=usr_8ec599d1
GET /api/v1/chat/dm/usr_39c96a12 status=200 duration_ms=1.97 user=usr_8ec599d1
GET /api/v1/chat/groups status=200 duration_ms=1.69 user=usr_8ec599d1
GET /api/v1/chat/users status=200 duration_ms=3.74 user=usr_8ec599d1
GET /api/v1/chat/users status=200 duration_ms=2.72 user=usr_8ec599d1
GET /api/v1/chat/groups status=200 duration_ms=3.04 user=usr_8ec599d1
GET /api/v1/chat/users status=200 duration_ms=2.25 user=usr_8ec599d1
GET /api/v1/chat/groups status=200 duration_ms=1.72 user=usr_8ec599d1
GET /api/v1/chat/groups status=200 duration_ms=1.32 user=usr_8ec599d1
GET /api/v1/chat/users status=200 duration_ms=3.16 user=usr_8ec599d1
GET /api/v1/chat/users status=200 duration_ms=2.51 user=usr_8ec599d1
GET /api/v1/chat/groups status=200 duration_ms=2.63 user=usr_8ec599d1
GET /api/v1/chat/users status=200 duration_ms=1.66 user=usr_8ec599d1
GET /api/v1/chat/groups status=200 duration_ms=2.16 user=usr_8ec599d1
GET /api/v1/chat/users status=200 duration_ms=26.63 user=usr_8ec599d1
GET /api/v1/chat/groups status=200 duration_ms=27.19 user=usr_8ec599d1
GET /api/v1/chat/users status=200 duration_ms=2.29 user=usr_8ec599d1
GET /api/v1/chat/groups status=200 duration_ms=3.95 user=usr_8ec599d1
GET /api/v1/chat/users status=200 duration_ms=1.23 user=usr_8ec599d1
GET /api/v1/chat/groups status=200 duration_ms=1.13 user=usr_8ec599d1
GET /api/v1/chat/groups status=200 duration_ms=1.52 user=usr_8ec599d1
GET /api/v1/chat/users status=200 duration_ms=3.17 user=usr_8ec599d1
GET /api/v1/chat/users status=200 duration_ms=2.73 user=usr_8ec599d1
GET /api/v1/chat/groups status=200 duration_ms=3.26 user=usr_8ec599d1
POST /api/v1/auth/register status=200 duration_ms=9.73 user=anonymous
POST /api/v1/auth/login status=200 duration_ms=4.37 user=anonymous
GET /api/v1/chat/users status=200 duration_ms=3.05 user=usr_100b51b8
GET /api/v1/chat/groups status=200 duration_ms=3.64 user=usr_100b51b8
GET /api/v1/chat/users status=200 duration_ms=3.18 user=usr_100b51b8
GET /api/v1/chat/groups status=200 duration_ms=3.81 user=usr_100b51b8
POST /api/v1/chat/groups status=200 duration_ms=1.31 user=usr_100b51b8
GET /api/v1/chat/groups status=200 duration_ms=0.96 user=usr_100b51b8
GET /api/v1/chat/groups/grp_d2108476/requests status=200 duration_ms=1.47 user=usr_100b51b8
GET /api/v1/chat/groups/grp_d2108476/requests status=200 duration_ms=0.95 user=usr_100b51b8
GET /api/v1/chat/groups/grp_d2108476/requests status=200 duration_ms=1.82 user=usr_100b51b8
GET /api/v1/chat/groups status=200 duration_ms=3.26 user=usr_100b51b8
GET /api/v1/chat/users status=200 duration_ms=4.89 user=usr_100b51b8
GET /api/v1/chat/groups/grp_d2108476/messages status=200 duration_ms=4.59 user=usr_100b51b8
GET /api/v1/chat/groups/grp_d2108476/messages status=200 duration_ms=1.53 user=usr_100b51b8
POST /api/v1/chat/groups/grp_d2108476/messages status=200 duration_ms=2.05 user=usr_100b51b8
GET /api/v1/chat/groups/grp_d2108476/messages status=200 duration_ms=1.28 user=usr_100b51b8
POST /api/v1/auth/register status=400 duration_ms=2.03 user=anonymous
POST /api/v1/auth/login status=200 duration_ms=1.80 user=anonymous
GET /api/v1/chat/users status=200 duration_ms=3.48 user=usr_100b51b8
GET /api/v1/chat/groups status=200 duration_ms=4.91 user=usr_100b51b8
GET /api/v1/chat/groups/grp_d2108476/messages status=200 duration_ms=1.44 user=usr_100b51b8
GET /api/v1/chat/users status=200 duration_ms=1.91 user=usr_100b51b8
GET /api/v1/chat/groups status=200 duration_ms=5.26 user=usr_100b51b8
GET /api/v1/chat/users status=200 duration_ms=2.62 user=usr_100b51b8
GET /api/v1/chat/groups status=200 duration_ms=3.31 user=usr_100b51b8
GET /api/v1/chat/groups/grp_d2108476/messages status=200 duration_ms=1.41 user=usr_100b51b8
GET /api/v1/chat/users status=200 duration_ms=1.95 user=usr_100b51b8
GET /api/v1/chat/groups status=200 duration_ms=3.32 user=usr_100b51b8
GET /api/v1/workflow/items status=200 duration_ms=5.36 user=usr_100b51b8
GET /api/v1/workflow/logs status=200 duration_ms=1.10 user=usr_100b51b8
GET /api/v1/workflow/items status=200 duration_ms=1.07 user=usr_100b51b8
GET /api/v1/workflow/items status=200 duration_ms=0.88 user=usr_100b51b8
POST /api/v1/team/process status=200 duration_ms=360.61 user=usr_100b51b8
POST /api/v1/auth/login status=200 duration_ms=1.52 user=anonymous
POST /api/v1/team/process status=200 duration_ms=291.26 user=usr_100b51b8
POST /api/v1/auth/login status=401 duration_ms=2.90 user=anonymous
POST /api/v1/auth/login status=401 duration_ms=1.34 user=anonymous
POST /api/v1/auth/login status=401 duration_ms=3.11 user=anonymous
POST /api/v1/auth/register status=200 duration_ms=3.54 user=anonymous
POST /api/v1/auth/login status=200 duration_ms=2.08 user=anonymous
POST /api/v1/team/process status=200 duration_ms=331.87 user=usr_f17b4195
GET /api/v1/team/tasks status=200 duration_ms=1.15 user=usr_f17b4195
POST /api/v1/team/process status=200 duration_ms=244.31 user=usr_f17b4195
POST /api/v1/team/process status=200 duration_ms=256.12 user=usr_f17b4195
POST /api/v1/team/process status=200 duration_ms=298.72 user=usr_f17b4195
POST /api/v1/team/process status=200 duration_ms=668.14 user=usr_f17b4195
POST /api/v1/team/process status=200 duration_ms=546.18 user=usr_f17b4195
POST /api/v1/team/process status=200 duration_ms=10838.76 user=usr_f17b4195
POST /api/v1/auth/login status=200 duration_ms=2.75 user=anonymous
POST /api/v1/team/process status=200 duration_ms=10583.35 user=usr_f17b4195
POST /api/v1/workflow/items status=200 duration_ms=4.09 user=usr_f17b4195
POST /api/v1/workflow/items status=200 duration_ms=2.20 user=usr_f17b4195
POST /api/v1/workflow/items status=200 duration_ms=1.51 user=usr_f17b4195
POST /api/v1/workflow/items status=200 duration_ms=1.03 user=usr_f17b4195
GET /api/v1/chat/users status=200 duration_ms=4.12 user=usr_f17b4195
GET /api/v1/chat/users status=200 duration_ms=1.61 user=usr_f17b4195
GET /api/v1/chat/groups status=200 duration_ms=19.93 user=usr_f17b4195
GET /api/v1/chat/groups status=200 duration_ms=3.55 user=usr_f17b4195
GET /api/v1/chat/users status=200 duration_ms=4.31 user=usr_f17b4195
GET /api/v1/chat/groups status=200 duration_ms=3.41 user=usr_f17b4195
GET /api/v1/chat/users status=200 duration_ms=2.25 user=usr_f17b4195
GET /api/v1/chat/groups status=200 duration_ms=3.20 user=usr_f17b4195
GET /api/v1/chat/groups status=200 duration_ms=1.61 user=usr_f17b4195
GET /api/v1/chat/users status=200 duration_ms=4.13 user=usr_f17b4195
GET /api/v1/chat/users status=200 duration_ms=2.67 user=usr_f17b4195
GET /api/v1/chat/groups status=200 duration_ms=3.01 user=usr_f17b4195
GET /api/v1/chat/groups status=200 duration_ms=1.34 user=usr_f17b4195
GET /api/v1/chat/users status=200 duration_ms=3.44 user=usr_f17b4195
GET /api/v1/chat/users status=200 duration_ms=2.59 user=usr_f17b4195
GET /api/v1/chat/groups status=200 duration_ms=2.85 user=usr_f17b4195
GET /api/v1/chat/groups status=200 duration_ms=1.20 user=usr_f17b4195
GET /api/v1/chat/users status=200 duration_ms=2.96 user=usr_f17b4195
GET /api/v1/chat/users status=200 duration_ms=1.58 user=usr_f17b4195
GET /api/v1/chat/groups status=200 duration_ms=2.40 user=usr_f17b4195
GET /api/v1/chat/users status=200 duration_ms=1.51 user=usr_f17b4195
GET /api/v1/chat/groups status=200 duration_ms=1.40 user=usr_f17b4195
GET /api/v1/chat/users status=200 duration_ms=2.11 user=usr_f17b4195
GET /api/v1/chat/groups status=200 duration_ms=2.55 user=usr_f17b4195
GET /api/v1/chat/groups status=200 duration_ms=1.24 user=usr_f17b4195
GET /api/v1/chat/users status=200 duration_ms=2.87 user=usr_f17b4195
GET /api/v1/chat/users status=200 duration_ms=1.42 user=usr_f17b4195
GET /api/v1/chat/groups status=200 duration_ms=1.92 user=usr_f17b4195
GET /api/v1/chat/users status=200 duration_ms=6.07 user=usr_f17b4195
GET /api/v1/chat/groups status=200 duration_ms=5.23 user=usr_f17b4195
GET /api/v1/chat/groups status=200 duration_ms=2.24 user=usr_f17b4195
GET /api/v1/chat/users status=200 duration_ms=2.73 user=usr_f17b4195
GET /api/v1/chat/users status=200 duration_ms=8.82 user=usr_f17b4195
GET /api/v1/chat/groups status=200 duration_ms=10.09 user=usr_f17b4195
GET /api/v1/chat/users status=200 duration_ms=3.35 user=usr_f17b4195
GET /api/v1/chat/groups status=200 duration_ms=9.78 user=usr_f17b4195
POST /api/v1/chat/groups status=200 duration_ms=2.15 user=usr_f17b4195
GET /api/v1/chat/groups status=200 duration_ms=1.31 user=usr_f17b4195
GET /api/v1/chat/groups/grp_6161fff8/messages status=200 duration_ms=1.58 user=usr_f17b4195
GET /api/v1/chat/users status=200 duration_ms=1.99 user=usr_f17b4195
GET /api/v1/chat/groups status=200 duration_ms=2.76 user=usr_f17b4195
GET /api/v1/chat/groups/grp_6161fff8/requests status=200 duration_ms=1.65 user=usr_f17b4195
POST /api/v1/chat/groups/grp_6161fff8/messages status=200 duration_ms=1.92 user=usr_f17b4195
GET /api/v1/chat/groups/grp_6161fff8/messages status=200 duration_ms=0.96 user=usr_f17b4195
POST /api/v1/chat/groups/grp_6161fff8/messages status=200 duration_ms=1.49 user=usr_f17b4195
GET /api/v1/chat/groups/grp_6161fff8/messages status=200 duration_ms=0.81 user=usr_f17b4195
POST /api/v1/chat/ask-ai status=200 duration_ms=1548.27 user=usr_f17b4195
POST /api/v1/chat/groups/grp_6161fff8/messages status=200 duration_ms=2.24 user=usr_f17b4195
GET /api/v1/chat/groups/grp_6161fff8/messages status=200 duration_ms=0.98 user=usr_f17b4195
POST /api/v1/chat/ask-ai status=200 duration_ms=1170.54 user=usr_f17b4195
POST /api/v1/chat/groups/grp_6161fff8/messages status=200 duration_ms=0.95 user=usr_f17b4195
GET /api/v1/chat/groups/grp_6161fff8/messages status=200 duration_ms=1.60 user=usr_f17b4195
POST /api/v1/team/process status=200 duration_ms=10509.29 user=usr_f17b4195
GET /api/v1/chat/groups status=200 duration_ms=48.71 user=usr_f17b4195
GET /api/v1/chat/users status=200 duration_ms=35.36 user=usr_f17b4195
GET /api/v1/chat/users status=200 duration_ms=33.87 user=usr_f17b4195
GET /api/v1/chat/groups status=200 duration_ms=29.34 user=usr_f17b4195
GET /api/v1/chat/groups/grp_6161fff8/messages status=200 duration_ms=7.37 user=usr_f17b4195
GET /api/v1/chat/users status=200 duration_ms=2.73 user=usr_f17b4195
GET /api/v1/chat/groups status=200 duration_ms=6.84 user=usr_f17b4195
GET /api/v1/chat/groups/grp_6161fff8/messages status=200 duration_ms=4.24 user=usr_f17b4195
POST /api/v1/chat/ask-ai status=200 duration_ms=1419.29 user=usr_f17b4195
POST /api/v1/chat/groups/grp_6161fff8/messages status=200 duration_ms=9.13 user=usr_f17b4195
GET /api/v1/chat/groups/grp_6161fff8/messages status=200 duration_ms=2.14 user=usr_f17b4195
GET /api/v1/chat/users status=200 duration_ms=104.84 user=usr_f17b4195
GET /api/v1/chat/groups status=200 duration_ms=112.18 user=usr_f17b4195
GET /api/v1/chat/users status=200 duration_ms=4.49 user=usr_f17b4195
GET /api/v1/chat/groups status=200 duration_ms=18.98 user=usr_f17b4195
GET /api/v1/chat/groups/grp_6161fff8/messages status=200 duration_ms=2.39 user=usr_f17b4195
GET /api/v1/chat/users status=200 duration_ms=10.47 user=usr_f17b4195
GET /api/v1/chat/groups status=200 duration_ms=16.64 user=usr_f17b4195
GET /api/v1/chat/groups/grp_6161fff8/messages status=200 duration_ms=3.75 user=usr_f17b4195
GET /api/v1/workflow/items status=200 duration_ms=27.90 user=usr_f17b4195
GET /api/v1/workflow/items status=200 duration_ms=1.88 user=usr_f17b4195
POST /api/v1/team/process status=200 duration_ms=10325.20 user=usr_f17b4195
POST /api/v1/workflow/items status=200 duration_ms=10.83 user=usr_f17b4195
POST /api/v1/workflow/items status=200 duration_ms=14.07 user=usr_f17b4195
GET /api/v1/workflow/items status=200 duration_ms=2.91 user=usr_f17b4195
GET /api/v1/workflow/items status=200 duration_ms=4.17 user=usr_f17b4195
POST /api/v1/team/process status=200 duration_ms=10989.02 user=usr_f17b4195
GET /api/v1/chat/users status=200 duration_ms=8.75 user=usr_f17b4195
GET /api/v1/chat/groups status=200 duration_ms=5.37 user=usr_f17b4195
GET /api/v1/chat/groups status=200 duration_ms=11.65 user=usr_f17b4195
GET /api/v1/chat/users status=200 duration_ms=15.36 user=usr_f17b4195
GET /api/v1/chat/groups/grp_6161fff8/messages status=200 duration_ms=19.74 user=usr_f17b4195
GET /api/v1/chat/groups status=200 duration_ms=2.36 user=usr_f17b4195
GET /api/v1/chat/groups/grp_6161fff8/messages status=200 duration_ms=2.80 user=usr_f17b4195
GET /api/v1/chat/users status=200 duration_ms=25.52 user=usr_f17b4195
POST /api/v1/chat/ask-ai status=200 duration_ms=876.86 user=usr_f17b4195
POST /api/v1/chat/groups/grp_6161fff8/messages status=200 duration_ms=6.27 user=usr_f17b4195
GET /api/v1/chat/groups/grp_6161fff8/messages status=200 duration_ms=4.04 user=usr_f17b4195
POST /api/v1/chat/ask-ai status=200 duration_ms=920.30 user=usr_f17b4195
POST /api/v1/chat/groups/grp_6161fff8/messages status=200 duration_ms=20.24 user=usr_f17b4195
GET /api/v1/chat/groups/grp_6161fff8/messages status=200 duration_ms=8.39 user=usr_f17b4195
GET /api/v1/workflow/items status=200 duration_ms=2.04 user=usr_f17b4195
GET /api/v1/chat/users status=200 duration_ms=6.35 user=usr_f17b4195
GET /api/v1/chat/groups status=200 duration_ms=8.37 user=usr_f17b4195
GET /api/v1/chat/groups status=200 duration_ms=4.88 user=usr_f17b4195
GET /api/v1/chat/users status=200 duration_ms=6.43 user=usr_f17b4195
GET /api/v1/chat/groups/grp_6161fff8/messages status=200 duration_ms=13.86 user=usr_f17b4195
GET /api/v1/chat/users status=200 duration_ms=2.93 user=usr_f17b4195
GET /api/v1/chat/groups status=200 duration_ms=1.93 user=usr_f17b4195
GET /api/v1/chat/groups/grp_6161fff8/messages status=200 duration_ms=4.17 user=usr_f17b4195
GET /api/v1/chat/users status=200 duration_ms=4.70 user=usr_f17b4195
GET /api/v1/chat/groups status=200 duration_ms=2.20 user=usr_f17b4195
GET /api/v1/chat/groups status=200 duration_ms=11.15 user=usr_f17b4195
GET /api/v1/chat/users status=200 duration_ms=11.47 user=usr_f17b4195
GET /api/v1/chat/groups/grp_6161fff8/messages status=200 duration_ms=6.32 user=usr_f17b4195
GET /api/v1/chat/groups status=200 duration_ms=1.74 user=usr_f17b4195
GET /api/v1/chat/groups/grp_6161fff8/messages status=200 duration_ms=2.44 user=usr_f17b4195
GET /api/v1/chat/users status=200 duration_ms=16.96 user=usr_f17b4195
GET /api/v1/workflow/items status=200 duration_ms=2.67 user=usr_f17b4195
POST /api/v1/auth/login status=200 duration_ms=39.32 user=anonymous
GET /api/v1/workflow/items status=200 duration_ms=44.03 user=usr_f17b4195
GET /api/v1/workflow/logs status=200 duration_ms=29.69 user=usr_f17b4195
GET /api/v1/workflow/items status=200 duration_ms=29.57 user=usr_f17b4195
GET /api/v1/workflow/logs status=200 duration_ms=15.61 user=usr_f17b4195
GET /api/v1/chat/users status=200 duration_ms=32.48 user=usr_f17b4195
GET /api/v1/chat/groups status=200 duration_ms=24.29 user=usr_f17b4195
GET /api/v1/chat/users status=200 duration_ms=2.89 user=usr_f17b4195
GET /api/v1/chat/groups status=200 duration_ms=4.92 user=usr_f17b4195
GET /api/v1/chat/groups/grp_6161fff8/messages status=200 duration_ms=4.86 user=usr_f17b4195
GET /api/v1/chat/users status=200 duration_ms=11.92 user=usr_f17b4195
GET /api/v1/chat/groups status=200 duration_ms=2.95 user=usr_f17b4195
GET /api/v1/chat/groups/grp_6161fff8/messages status=200 duration_ms=6.97 user=usr_f17b4195
GET /api/v1/workflow/items status=200 duration_ms=5.80 user=usr_f17b4195
GET /api/v1/workflow/items status=200 duration_ms=8.06 user=usr_f17b4195
GET /api/v1/workflow/logs status=200 duration_ms=9.62 user=usr_f17b4195
GET /api/v1/workflow/logs status=200 duration_ms=10.28 user=usr_f17b4195
GET /api/v1/chat/users status=200 duration_ms=1.77 user=usr_f17b4195
GET /api/v1/chat/groups status=200 duration_ms=2.32 user=usr_f17b4195
GET /api/v1/chat/users status=200 duration_ms=2.81 user=usr_f17b4195
GET /api/v1/chat/groups status=200 duration_ms=5.15 user=usr_f17b4195
GET /api/v1/chat/groups/grp_6161fff8/messages status=200 duration_ms=1.84 user=usr_f17b4195
GET /api/v1/chat/groups/grp_6161fff8/messages status=200 duration_ms=1.53 user=usr_f17b4195
GET /api/v1/chat/users status=200 duration_ms=2.63 user=usr_f17b4195
GET /api/v1/chat/groups status=200 duration_ms=4.06 user=usr_f17b4195
GET /api/v1/workflow/items status=200 duration_ms=3.07 user=usr_f17b4195
GET /api/v1/workflow/logs status=200 duration_ms=24.44 user=usr_f17b4195
GET /api/v1/workflow/logs status=200 duration_ms=21.60 user=usr_f17b4195
GET /api/v1/workflow/items status=200 duration_ms=30.06 user=usr_f17b4195
GET /api/v1/workflow/items status=200 duration_ms=10.89 user=usr_f17b4195
GET /api/v1/workflow/logs status=200 duration_ms=10.02 user=usr_f17b4195
GET /api/v1/workflow/logs status=200 duration_ms=6.62 user=usr_f17b4195
GET /api/v1/workflow/items status=200 duration_ms=8.90 user=usr_f17b4195
PATCH /api/v1/workflow/items/wf_564f1487/stage status=200 duration_ms=43.01 user=usr_f17b4195
GET /api/v1/workflow/items status=200 duration_ms=2.88 user=usr_f17b4195
GET /api/v1/workflow/logs status=200 duration_ms=3.23 user=usr_f17b4195
GET /api/v1/workflow/items status=200 duration_ms=6.77 user=usr_f17b4195
GET /api/v1/workflow/logs status=200 duration_ms=8.60 user=usr_f17b4195
PATCH /api/v1/workflow/items/wf_564f1487/stage status=200 duration_ms=2.11 user=usr_f17b4195
GET /api/v1/workflow/items status=200 duration_ms=16.99 user=usr_f17b4195
GET /api/v1/workflow/logs status=200 duration_ms=3.53 user=usr_f17b4195
GET /api/v1/chat/groups status=200 duration_ms=2.82 user=usr_f17b4195
GET /api/v1/chat/users status=200 duration_ms=6.85 user=usr_f17b4195
GET /api/v1/chat/users status=200 duration_ms=3.26 user=usr_f17b4195
GET /api/v1/chat/groups status=200 duration_ms=4.38 user=usr_f17b4195
GET /api/v1/chat/groups/grp_6161fff8/messages status=200 duration_ms=1.18 user=usr_f17b4195
GET /api/v1/chat/groups/grp_6161fff8/messages status=200 duration_ms=1.37 user=usr_f17b4195
GET /api/v1/chat/users status=200 duration_ms=2.39 user=usr_f17b4195
GET /api/v1/chat/groups status=200 duration_ms=4.79 user=usr_f17b4195
GET /api/v1/chat/users status=200 duration_ms=3.27 user=usr_f17b4195
GET /api/v1/chat/groups status=200 duration_ms=4.01 user=usr_f17b4195
GET /api/v1/chat/users status=200 duration_ms=2.75 user=usr_f17b4195
GET /api/v1/chat/groups status=200 duration_ms=4.13 user=usr_f17b4195
GET /api/v1/chat/groups/grp_6161fff8/messages status=200 duration_ms=2.00 user=usr_f17b4195
GET /api/v1/chat/groups/grp_6161fff8/messages status=200 duration_ms=1.52 user=usr_f17b4195
GET /api/v1/chat/users status=200 duration_ms=2.52 user=usr_f17b4195
GET /api/v1/chat/groups status=200 duration_ms=3.24 user=usr_f17b4195
GET /api/v1/chat/users status=200 duration_ms=20.04 user=usr_f17b4195
GET /api/v1/chat/groups status=200 duration_ms=21.08 user=usr_f17b4195
GET /api/v1/chat/groups status=200 duration_ms=19.79 user=usr_f17b4195
GET /api/v1/chat/users status=200 duration_ms=24.88 user=usr_f17b4195
GET /api/v1/chat/groups/grp_6161fff8/messages status=200 duration_ms=1.64 user=usr_f17b4195
GET /api/v1/chat/users status=200 duration_ms=2.18 user=usr_f17b4195
GET /api/v1/chat/groups status=200 duration_ms=2.46 user=usr_f17b4195
GET /api/v1/chat/groups/grp_6161fff8/messages status=200 duration_ms=1.32 user=usr_f17b4195
GET /api/v1/chat/groups status=200 duration_ms=2.70 user=usr_f17b4195
GET /api/v1/chat/users status=200 duration_ms=5.86 user=usr_f17b4195
GET /api/v1/chat/users status=200 duration_ms=7.36 user=usr_f17b4195
GET /api/v1/chat/groups status=200 duration_ms=7.54 user=usr_f17b4195
GET /api/v1/chat/users status=200 duration_ms=3.43 user=usr_f17b4195
GET /api/v1/chat/groups status=200 duration_ms=4.92 user=usr_f17b4195
GET /api/v1/chat/groups/grp_6161fff8/messages status=200 duration_ms=5.87 user=usr_f17b4195
GET /api/v1/chat/groups/grp_6161fff8/messages status=200 duration_ms=2.01 user=usr_f17b4195
GET /api/v1/chat/groups status=200 duration_ms=1.65 user=usr_f17b4195
GET /api/v1/chat/users status=200 duration_ms=5.36 user=usr_f17b4195
POST /api/v1/auth/login status=401 duration_ms=4.51 user=anonymous
POST /api/v1/auth/register status=400 duration_ms=3.48 user=anonymous
POST /api/v1/auth/login status=401 duration_ms=1.59 user=anonymous
POST /api/v1/auth/login status=401 duration_ms=1.12 user=anonymous
POST /api/v1/auth/register status=400 duration_ms=1.20 user=anonymous
POST /api/v1/auth/login status=401 duration_ms=1.56 user=anonymous
POST /api/v1/auth/register status=200 duration_ms=7.20 user=anonymous
POST /api/v1/auth/login status=200 duration_ms=4.13 user=anonymous
GET /api/v1/workflow/items status=200 duration_ms=6.36 user=usr_a3b89394
GET /api/v1/workflow/items status=200 duration_ms=11.07 user=usr_a3b89394
GET /api/v1/chat/users status=200 duration_ms=2.93 user=usr_a3b89394
GET /api/v1/chat/groups status=200 duration_ms=3.29 user=usr_a3b89394
GET /api/v1/chat/users status=200 duration_ms=2.25 user=usr_a3b89394
GET /api/v1/chat/groups status=200 duration_ms=1.61 user=usr_a3b89394
GET /api/v1/chat/dm/usr_f17b4195 status=200 duration_ms=1.90 user=usr_a3b89394
GET /api/v1/chat/dm/usr_f17b4195 status=200 duration_ms=1.31 user=usr_a3b89394
GET /api/v1/chat/groups status=200 duration_ms=1.64 user=usr_a3b89394
GET /api/v1/chat/users status=200 duration_ms=8.64 user=usr_a3b89394
GET /api/v1/workflow/items status=200 duration_ms=1.73 user=usr_a3b89394
GET /api/v1/workflow/items status=200 duration_ms=3.03 user=usr_a3b89394
GET /api/v1/chat/users status=200 duration_ms=4.72 user=usr_a3b89394
GET /api/v1/chat/groups status=200 duration_ms=2.94 user=usr_a3b89394
GET /api/v1/chat/users status=200 duration_ms=2.32 user=usr_a3b89394
GET /api/v1/chat/groups status=200 duration_ms=2.65 user=usr_a3b89394
GET /api/v1/chat/dm/usr_f17b4195 status=200 duration_ms=1.48 user=usr_a3b89394
GET /api/v1/chat/dm/usr_f17b4195 status=200 duration_ms=2.56 user=usr_a3b89394
GET /api/v1/chat/users status=200 duration_ms=2.00 user=usr_a3b89394
GET /api/v1/chat/groups status=200 duration_ms=2.48 user=usr_a3b89394
GET /api/v1/workflow/items status=200 duration_ms=1.61 user=usr_a3b89394
GET /api/v1/workflow/items status=200 duration_ms=2.54 user=usr_a3b89394
GET /api/v1/workflow/items status=200 duration_ms=1.73 user=usr_a3b89394
GET /api/v1/workflow/items status=200 duration_ms=5.13 user=usr_a3b89394
GET /api/v1/workflow/items status=200 duration_ms=1.66 user=usr_a3b89394
GET /api/v1/workflow/items status=200 duration_ms=3.57 user=usr_a3b89394
GET /api/v1/workflow/logs status=200 duration_ms=7.01 user=usr_a3b89394
GET /api/v1/workflow/logs status=200 duration_ms=2.90 user=usr_a3b89394
GET /api/v1/workflow/items status=200 duration_ms=4.55 user=usr_a3b89394
GET /api/v1/workflow/logs status=200 duration_ms=2.95 user=usr_a3b89394
GET /api/v1/workflow/items status=200 duration_ms=3.70 user=usr_a3b89394
GET /api/v1/workflow/logs status=200 duration_ms=4.44 user=usr_a3b89394
GET /api/v1/workflow/items status=200 duration_ms=4.68 user=usr_a3b89394
GET /api/v1/workflow/logs status=200 duration_ms=4.87 user=usr_a3b89394
GET /api/v1/workflow/items status=200 duration_ms=4.51 user=usr_a3b89394
GET /api/v1/workflow/logs status=200 duration_ms=5.18 user=usr_a3b89394
GET /api/v1/workflow/items status=200 duration_ms=1.66 user=usr_a3b89394
GET /api/v1/workflow/items status=200 duration_ms=1.63 user=usr_a3b89394
GET /api/v1/chat/users status=200 duration_ms=2.68 user=usr_a3b89394
GET /api/v1/chat/groups status=200 duration_ms=3.20 user=usr_a3b89394
GET /api/v1/chat/groups status=200 duration_ms=2.38 user=usr_a3b89394
GET /api/v1/chat/users status=200 duration_ms=3.30 user=usr_a3b89394
GET /api/v1/chat/dm/usr_f17b4195 status=200 duration_ms=1.14 user=usr_a3b89394
GET /api/v1/chat/users status=200 duration_ms=3.58 user=usr_a3b89394
GET /api/v1/chat/groups status=200 duration_ms=4.46 user=usr_a3b89394
GET /api/v1/chat/dm/usr_f17b4195 status=200 duration_ms=1.70 user=usr_a3b89394
GET /api/v1/chat/dm/usr_f17b4195 status=200 duration_ms=0.96 user=usr_a3b89394
GET /api/v1/workflow/items status=200 duration_ms=22.45 user=usr_a3b89394
GET /api/v1/workflow/items status=200 duration_ms=30.64 user=usr_a3b89394
GET /api/v1/workflow/items status=200 duration_ms=1.45 user=usr_a3b89394
GET /api/v1/workflow/logs status=200 duration_ms=1.23 user=usr_a3b89394
GET /api/v1/workflow/items status=200 duration_ms=2.39 user=usr_a3b89394
GET /api/v1/workflow/logs status=200 duration_ms=3.73 user=usr_a3b89394
GET /api/v1/workflow/items status=200 duration_ms=1.23 user=usr_a3b89394
GET /api/v1/workflow/logs status=200 duration_ms=12.57 user=usr_a3b89394
GET /api/v1/workflow/items status=200 duration_ms=10.13 user=usr_a3b89394
GET /api/v1/workflow/logs status=200 duration_ms=11.99 user=usr_a3b89394
GET /api/v1/workflow/items status=200 duration_ms=1.30 user=usr_a3b89394
GET /api/v1/workflow/logs status=200 duration_ms=1.24 user=usr_a3b89394
GET /api/v1/workflow/logs status=200 duration_ms=13.51 user=usr_a3b89394
GET /api/v1/workflow/items status=200 duration_ms=16.05 user=usr_a3b89394
GET /api/v1/workflow/items status=200 duration_ms=1.66 user=usr_a3b89394
GET /api/v1/workflow/logs status=200 duration_ms=1.46 user=usr_a3b89394
GET /api/v1/workflow/items status=200 duration_ms=1.53 user=usr_a3b89394
GET /api/v1/workflow/logs status=200 duration_ms=1.37 user=usr_a3b89394
GET /api/v1/workflow/items status=200 duration_ms=5.50 user=usr_a3b89394
GET /api/v1/workflow/logs status=200 duration_ms=7.04 user=usr_a3b89394
GET /api/v1/workflow/items status=200 duration_ms=7.61 user=usr_a3b89394
GET /api/v1/workflow/logs status=200 duration_ms=9.52 user=usr_a3b89394
GET /api/v1/workflow/items status=200 duration_ms=1.38 user=usr_a3b89394
GET /api/v1/workflow/logs status=200 duration_ms=1.18 user=usr_a3b89394
GET /api/v1/workflow/logs status=200 duration_ms=22.28 user=usr_a3b89394
GET /api/v1/workflow/items status=200 duration_ms=26.19 user=usr_a3b89394
POST /api/v1/trend/upload status=500 duration_ms=5561.51 user=usr_a3b89394
GET /api/v1/health status=200 duration_ms=3.00 user=anonymous
POST /api/v1/trend/upload status=500 duration_ms=1925.57 user=usr_a3b89394
POST /api/v1/trend/upload status=500 duration_ms=1745.98 user=usr_a3b89394
GET /api/v1/workflow/items status=200 duration_ms=3.54 user=usr_a3b89394
GET /api/v1/workflow/items status=200 duration_ms=7.49 user=usr_a3b89394
GET /api/v1/workflow/items status=200 duration_ms=2.65 user=usr_a3b89394
GET /api/v1/workflow/items status=200 duration_ms=3.49 user=usr_a3b89394
GET /api/v1/workflow/items status=200 duration_ms=6.57 user=usr_a3b89394
GET /api/v1/workflow/logs status=200 duration_ms=7.59 user=usr_a3b89394
GET /api/v1/workflow/items status=200 duration_ms=8.28 user=usr_a3b89394
GET /api/v1/workflow/logs status=200 duration_ms=15.02 user=usr_a3b89394
GET /api/v1/chat/users status=200 duration_ms=4.36 user=usr_a3b89394
GET /api/v1/chat/groups status=200 duration_ms=3.96 user=usr_a3b89394
GET /api/v1/chat/users status=200 duration_ms=4.38 user=usr_a3b89394
GET /api/v1/chat/groups status=200 duration_ms=5.96 user=usr_a3b89394
GET /api/v1/chat/dm/usr_f17b4195 status=200 duration_ms=2.33 user=usr_a3b89394
GET /api/v1/chat/users status=200 duration_ms=1.65 user=usr_a3b89394
GET /api/v1/chat/groups status=200 duration_ms=1.61 user=usr_a3b89394
GET /api/v1/chat/dm/usr_f17b4195 status=200 duration_ms=4.21 user=usr_a3b89394
GET /api/v1/health status=200 duration_ms=1.51 user=anonymous
POST /api/v1/auth/register status=200 duration_ms=2.51 user=anonymous
POST /api/v1/auth/login status=200 duration_ms=2.96 user=anonymous
POST /api/v1/auth/register status=400 duration_ms=1.16 user=anonymous
POST /api/v1/auth/login status=200 duration_ms=2.36 user=anonymous
POST /api/v1/trend/upload status=500 duration_ms=18.63 user=usr_b2a26314
POST /api/v1/auth/register status=400 duration_ms=1.22 user=anonymous
POST /api/v1/auth/login status=200 duration_ms=2.47 user=anonymous
POST /api/v1/trend/upload status=500 duration_ms=97.91 user=usr_b2a26314
POST /api/v1/auth/register status=400 duration_ms=1.53 user=anonymous
POST /api/v1/auth/login status=200 duration_ms=2.32 user=anonymous
POST /api/v1/trend/upload status=500 duration_ms=91.69 user=usr_b2a26314
GET /api/v1/health status=200 duration_ms=25.79 user=anonymous
POST /api/v1/auth/register status=400 duration_ms=5.01 user=anonymous
POST /api/v1/auth/login status=200 duration_ms=4.03 user=anonymous
POST /api/v1/auth/register status=400 duration_ms=1.23 user=anonymous
POST /api/v1/auth/login status=200 duration_ms=1.97 user=anonymous
POST /api/v1/trend/upload status=500 duration_ms=2490.38 user=usr_b2a26314
POST /api/v1/auth/register status=400 duration_ms=17.85 user=anonymous
POST /api/v1/auth/login status=200 duration_ms=2.75 user=anonymous
POST /api/v1/trend/upload status=500 duration_ms=52427.02 user=usr_b2a26314
POST /api/v1/auth/register status=400 duration_ms=2.70 user=anonymous
POST /api/v1/auth/login status=200 duration_ms=2.39 user=anonymous
POST /api/v1/trend/upload status=200 duration_ms=75345.37 user=usr_b2a26314
POST /api/v1/auth/login status=200 duration_ms=3.08 user=anonymous
GET /api/v1/workflow/items status=200 duration_ms=24.59 user=usr_a3b89394
GET /api/v1/workflow/items status=200 duration_ms=3.98 user=usr_a3b89394
POST /api/v1/trend/upload status=200 duration_ms=47885.76 user=usr_a3b89394
GET /api/v1/workflow/items status=200 duration_ms=4.10 user=usr_a3b89394
GET /api/v1/workflow/items status=200 duration_ms=5.30 user=usr_a3b89394
GET /api/v1/workflow/items status=200 duration_ms=2.11 user=usr_a3b89394
GET /api/v1/workflow/items status=200 duration_ms=5.75 user=usr_a3b89394
GET /api/v1/workflow/logs status=200 duration_ms=5.13 user=usr_a3b89394
GET /api/v1/workflow/logs status=200 duration_ms=7.10 user=usr_a3b89394
GET /api/v1/chat/users status=200 duration_ms=5.05 user=usr_a3b89394
GET /api/v1/chat/groups status=200 duration_ms=5.65 user=usr_a3b89394
GET /api/v1/chat/users status=200 duration_ms=4.02 user=usr_a3b89394
GET /api/v1/chat/groups status=200 duration_ms=4.70 user=usr_a3b89394
GET /api/v1/chat/dm/usr_f17b4195 status=200 duration_ms=2.08 user=usr_a3b89394
GET /api/v1/chat/users status=200 duration_ms=1.68 user=usr_a3b89394
GET /api/v1/chat/dm/usr_f17b4195 status=200 duration_ms=17.08 user=usr_a3b89394
GET /api/v1/chat/groups status=200 duration_ms=18.39 user=usr_a3b89394
GET /api/v1/workflow/items status=200 duration_ms=1.78 user=usr_a3b89394
GET /api/v1/workflow/logs status=200 duration_ms=1.35 user=usr_a3b89394
GET /api/v1/workflow/items status=200 duration_ms=2.59 user=usr_a3b89394
GET /api/v1/workflow/logs status=200 duration_ms=3.86 user=usr_a3b89394
GET /api/v1/workflow/items status=200 duration_ms=9.06 user=usr_a3b89394
GET /api/v1/workflow/logs status=200 duration_ms=9.88 user=usr_a3b89394
GET /api/v1/workflow/items status=200 duration_ms=8.97 user=usr_a3b89394
GET /api/v1/workflow/logs status=200 duration_ms=8.49 user=usr_a3b89394
GET /api/v1/workflow/items status=200 duration_ms=2.59 user=usr_a3b89394
GET /api/v1/workflow/items status=200 duration_ms=1.53 user=usr_a3b89394
GET /api/v1/workflow/items status=200 duration_ms=2.24 user=usr_a3b89394
GET /api/v1/workflow/items status=200 duration_ms=1.21 user=usr_a3b89394
GET /api/v1/workflow/items status=200 duration_ms=2.13 user=usr_a3b89394
GET /api/v1/workflow/items status=200 duration_ms=1.60 user=usr_a3b89394
POST /api/v1/auth/login status=200 duration_ms=10.94 user=anonymous
GET /api/v1/workflow/items status=200 duration_ms=20.07 user=usr_f17b4195
GET /api/v1/workflow/items status=200 duration_ms=13.06 user=usr_f17b4195
GET /api/v1/chat/groups status=200 duration_ms=3.37 user=usr_f17b4195
GET /api/v1/chat/users status=200 duration_ms=15.86 user=usr_f17b4195
GET /api/v1/chat/groups status=200 duration_ms=3.39 user=usr_f17b4195
GET /api/v1/chat/users status=200 duration_ms=15.69 user=usr_f17b4195
GET /api/v1/chat/dm/usr_a3b89394 status=200 duration_ms=4.70 user=usr_f17b4195
GET /api/v1/chat/groups status=200 duration_ms=5.26 user=usr_f17b4195
GET /api/v1/chat/users status=200 duration_ms=7.01 user=usr_f17b4195
GET /api/v1/chat/dm/usr_a3b89394 status=200 duration_ms=3.14 user=usr_f17b4195
GET /api/v1/chat/dm/usr_b2a26314 status=200 duration_ms=3.32 user=usr_f17b4195
GET /api/v1/chat/users status=200 duration_ms=4.78 user=usr_f17b4195
GET /api/v1/chat/groups status=200 duration_ms=8.02 user=usr_f17b4195
GET /api/v1/chat/dm/usr_a3b89394 status=200 duration_ms=1.76 user=usr_f17b4195
GET /api/v1/chat/users status=200 duration_ms=3.89 user=usr_f17b4195
GET /api/v1/chat/groups status=200 duration_ms=5.01 user=usr_f17b4195
POST /api/v1/trend/upload status=200 duration_ms=99105.61 user=usr_f17b4195
POST /api/v1/auth/login status=200 duration_ms=15.03 user=anonymous
POST /api/v1/auth/login status=200 duration_ms=7.50 user=anonymous
GET /api/v1/trend/clusters status=200 duration_ms=34402.48 user=usr_f17b4195
GET /api/v1/trend/clusters status=200 duration_ms=5364.39 user=usr_f17b4195
GET /api/v1/trend/clusters status=200 duration_ms=10.84 user=usr_f17b4195
GET /api/v1/trend/clusters status=200 duration_ms=4991.66 user=usr_f17b4195
GET /api/v1/trend/clusters status=200 duration_ms=14.31 user=usr_f17b4195
GET /api/v1/trend/clusters status=200 duration_ms=10148.34 user=usr_f17b4195
GET /api/v1/trend/clusters status=200 duration_ms=1376.35 user=usr_f17b4195
GET /api/v1/trend/clusters status=200 duration_ms=12.75 user=usr_f17b4195
GET /api/v1/trend/clusters status=200 duration_ms=2401.57 user=usr_f17b4195
GET /api/v1/trend/clusters status=200 duration_ms=2236.87 user=usr_f17b4195
GET /api/v1/workflow/items status=200 duration_ms=30.51 user=usr_f17b4195
GET /api/v1/workflow/items status=200 duration_ms=77.26 user=usr_f17b4195
GET /api/v1/trend/clusters status=200 duration_ms=3158.20 user=usr_f17b4195
GET /api/v1/trend/clusters status=200 duration_ms=2866.58 user=usr_f17b4195
GET /api/v1/trend/clusters status=200 duration_ms=7155.86 user=usr_f17b4195
GET /api/v1/trend/clusters status=200 duration_ms=3500.69 user=usr_f17b4195
GET /api/v1/workflow/items status=200 duration_ms=16.31 user=usr_f17b4195
GET /api/v1/workflow/items status=200 duration_ms=12.75 user=usr_f17b4195
GET /api/v1/workflow/items status=200 duration_ms=1.83 user=usr_f17b4195
GET /api/v1/workflow/items status=200 duration_ms=1.67 user=usr_f17b4195
GET /api/v1/trend/clusters status=200 duration_ms=1958.83 user=usr_f17b4195
GET /api/v1/trend/clusters status=200 duration_ms=1496.69 user=usr_f17b4195
GET /api/v1/trend/clusters status=200 duration_ms=2529.11 user=usr_f17b4195
GET /api/v1/chat/groups status=200 duration_ms=146.48 user=usr_f17b4195
GET /api/v1/chat/users status=200 duration_ms=149.09 user=usr_f17b4195
GET /api/v1/chat/groups status=200 duration_ms=7.31 user=usr_f17b4195
GET /api/v1/chat/users status=200 duration_ms=7.31 user=usr_f17b4195
GET /api/v1/chat/dm/usr_a3b89394 status=200 duration_ms=6.46 user=usr_f17b4195
GET /api/v1/chat/groups status=200 duration_ms=2.66 user=usr_f17b4195
GET /api/v1/chat/users status=200 duration_ms=7.57 user=usr_f17b4195
GET /api/v1/chat/dm/usr_a3b89394 status=200 duration_ms=2.68 user=usr_f17b4195
GET /api/v1/workflow/items status=200 duration_ms=28.10 user=usr_f17b4195
GET /api/v1/workflow/logs status=200 duration_ms=15.87 user=usr_f17b4195
GET /api/v1/workflow/logs status=200 duration_ms=13.87 user=usr_f17b4195
GET /api/v1/workflow/items status=200 duration_ms=15.62 user=usr_f17b4195
GET /api/v1/workflow/items status=200 duration_ms=135.40 user=usr_f17b4195
GET /api/v1/workflow/logs status=200 duration_ms=125.69 user=usr_f17b4195
GET /api/v1/workflow/items status=200 duration_ms=126.72 user=usr_f17b4195
GET /api/v1/workflow/logs status=200 duration_ms=128.13 user=usr_f17b4195
GET /api/v1/workflow/items status=200 duration_ms=2.20 user=usr_f17b4195
GET /api/v1/workflow/logs status=200 duration_ms=2.06 user=usr_f17b4195
GET /api/v1/workflow/logs status=200 duration_ms=1.95 user=usr_f17b4195
GET /api/v1/workflow/items status=200 duration_ms=3.42 user=usr_f17b4195
GET /api/v1/workflow/items status=200 duration_ms=1.49 user=usr_f17b4195
GET /api/v1/workflow/items status=200 duration_ms=1.73 user=usr_f17b4195
GET /api/v1/chat/users status=200 duration_ms=2.27 user=usr_f17b4195
GET /api/v1/chat/users status=200 duration_ms=4.04 user=usr_f17b4195
GET /api/v1/chat/groups status=200 duration_ms=14.43 user=usr_f17b4195
GET /api/v1/chat/groups status=200 duration_ms=1.81 user=usr_f17b4195
GET /api/v1/chat/dm/usr_a3b89394 status=200 duration_ms=2.23 user=usr_f17b4195
GET /api/v1/chat/users status=200 duration_ms=3.47 user=usr_f17b4195
GET /api/v1/chat/groups status=200 duration_ms=8.64 user=usr_f17b4195
GET /api/v1/chat/dm/usr_a3b89394 status=200 duration_ms=1.70 user=usr_f17b4195
GET /api/v1/chat/dm/usr_a3b89394 status=200 duration_ms=1.16 user=usr_f17b4195
POST /api/v1/chat/dm/usr_a3b89394 status=200 duration_ms=33.32 user=usr_f17b4195
GET /api/v1/chat/dm/usr_a3b89394 status=200 duration_ms=7.33 user=usr_f17b4195
POST /api/v1/chat/dm/usr_a3b89394 status=200 duration_ms=2.70 user=usr_f17b4195
GET /api/v1/chat/dm/usr_a3b89394 status=200 duration_ms=1.21 user=usr_f17b4195
POST /api/v1/chat/dm/usr_a3b89394 status=200 duration_ms=1.53 user=usr_f17b4195
GET /api/v1/chat/dm/usr_a3b89394 status=200 duration_ms=1.95 user=usr_f17b4195
POST /api/v1/chat/dm/usr_a3b89394 status=200 duration_ms=2.11 user=usr_f17b4195
GET /api/v1/chat/dm/usr_a3b89394 status=200 duration_ms=1.51 user=usr_f17b4195
POST /api/v1/chat/dm/usr_a3b89394 status=200 duration_ms=2.91 user=usr_f17b4195
GET /api/v1/chat/dm/usr_a3b89394 status=200 duration_ms=1.15 user=usr_f17b4195
POST /api/v1/chat/ask-ai status=200 duration_ms=1978.94 user=usr_f17b4195
POST /api/v1/chat/dm/usr_a3b89394 status=200 duration_ms=2.39 user=usr_f17b4195
GET /api/v1/chat/dm/usr_a3b89394 status=200 duration_ms=1.13 user=usr_f17b4195
POST /api/v1/chat/ask-ai status=200 duration_ms=2147.79 user=usr_f17b4195
POST /api/v1/chat/dm/usr_a3b89394 status=200 duration_ms=2.50 user=usr_f17b4195
GET /api/v1/chat/dm/usr_a3b89394 status=200 duration_ms=1.74 user=usr_f17b4195
POST /api/v1/chat/ask-ai status=200 duration_ms=1084.56 user=usr_f17b4195
POST /api/v1/chat/dm/usr_a3b89394 status=200 duration_ms=2.07 user=usr_f17b4195
GET /api/v1/chat/dm/usr_a3b89394 status=200 duration_ms=1.52 user=usr_f17b4195
GET /api/v1/chat/users status=200 duration_ms=15.25 user=usr_f17b4195
GET /api/v1/chat/groups status=200 duration_ms=13.51 user=usr_f17b4195
GET /api/v1/chat/users status=200 duration_ms=16.68 user=usr_f17b4195
GET /api/v1/chat/groups status=200 duration_ms=28.61 user=usr_f17b4195
GET /api/v1/chat/dm/usr_a3b89394 status=200 duration_ms=50.94 user=usr_f17b4195
GET /api/v1/chat/groups status=200 duration_ms=49.21 user=usr_f17b4195
GET /api/v1/chat/users status=200 duration_ms=51.91 user=usr_f17b4195
GET /api/v1/chat/dm/usr_a3b89394 status=200 duration_ms=2.74 user=usr_f17b4195
GET /api/v1/chat/dm/usr_a3b89394 status=200 duration_ms=3.57 user=usr_f17b4195
GET /api/v1/chat/dm/usr_b2a26314 status=200 duration_ms=3.34 user=usr_f17b4195
GET /api/v1/chat/users status=200 duration_ms=4.78 user=usr_f17b4195
GET /api/v1/chat/groups status=200 duration_ms=6.30 user=usr_f17b4195
GET /api/v1/chat/dm/usr_a3b89394 status=200 duration_ms=3.57 user=usr_f17b4195
GET /api/v1/chat/groups status=200 duration_ms=6.90 user=usr_f17b4195
GET /api/v1/chat/users status=200 duration_ms=15.70 user=usr_f17b4195
GET /api/v1/chat/dm/usr_b2a26314 status=200 duration_ms=2.91 user=usr_f17b4195
GET /api/v1/chat/users status=200 duration_ms=8.95 user=usr_f17b4195
GET /api/v1/chat/groups status=200 duration_ms=11.69 user=usr_f17b4195
GET /api/v1/chat/dm/usr_a3b89394 status=200 duration_ms=4.87 user=usr_f17b4195
GET /api/v1/chat/groups status=200 duration_ms=4.06 user=usr_f17b4195
GET /api/v1/chat/users status=200 duration_ms=9.59 user=usr_f17b4195
POST /api/v1/chat/dm/usr_a3b89394 status=200 duration_ms=7.71 user=usr_f17b4195
GET /api/v1/chat/dm/usr_a3b89394 status=200 duration_ms=2.39 user=usr_f17b4195
GET /api/v1/workflow/items status=200 duration_ms=58.85 user=usr_f17b4195
GET /api/v1/workflow/logs status=200 duration_ms=57.95 user=usr_f17b4195
GET /api/v1/workflow/items status=200 duration_ms=26.15 user=usr_f17b4195
GET /api/v1/workflow/logs status=200 duration_ms=9.83 user=usr_f17b4195
GET /api/v1/workflow/items status=200 duration_ms=10.52 user=usr_f17b4195
GET /api/v1/workflow/items status=200 duration_ms=19.67 user=usr_f17b4195
GET /api/v1/workflow/logs status=200 duration_ms=19.60 user=usr_f17b4195
GET /api/v1/workflow/logs status=200 duration_ms=19.14 user=usr_f17b4195
GET /api/v1/workflow/items status=200 duration_ms=21.41 user=usr_f17b4195
GET /api/v1/workflow/logs status=200 duration_ms=19.85 user=usr_f17b4195
GET /api/v1/workflow/items status=200 duration_ms=10.57 user=usr_f17b4195
GET /api/v1/workflow/logs status=200 duration_ms=10.70 user=usr_f17b4195
GET /api/v1/workflow/items status=200 duration_ms=5.71 user=usr_f17b4195
GET /api/v1/workflow/logs status=200 duration_ms=6.41 user=usr_f17b4195
GET /api/v1/workflow/items status=200 duration_ms=7.96 user=usr_f17b4195
GET /api/v1/workflow/logs status=200 duration_ms=8.93 user=usr_f17b4195
GET /api/v1/chat/users status=200 duration_ms=9.46 user=usr_f17b4195
GET /api/v1/chat/groups status=200 duration_ms=10.33 user=usr_f17b4195
GET /api/v1/chat/groups status=200 duration_ms=1.60 user=usr_f17b4195
GET /api/v1/chat/users status=200 duration_ms=5.60 user=usr_f17b4195
GET /api/v1/chat/dm/usr_a3b89394 status=200 duration_ms=4.04 user=usr_f17b4195
GET /api/v1/chat/users status=200 duration_ms=4.59 user=usr_f17b4195
GET /api/v1/chat/groups status=200 duration_ms=3.50 user=usr_f17b4195
GET /api/v1/chat/dm/usr_a3b89394 status=200 duration_ms=3.75 user=usr_f17b4195
POST /api/v1/chat/ask-ai status=503 duration_ms=504.12 user=usr_f17b4195
GET /api/v1/chat/dm/usr_b2a26314 status=200 duration_ms=2.54 user=usr_f17b4195
GET /api/v1/chat/users status=200 duration_ms=5.90 user=usr_f17b4195
GET /api/v1/chat/groups status=200 duration_ms=6.69 user=usr_f17b4195
GET /api/v1/chat/dm/usr_a3b89394 status=200 duration_ms=3.89 user=usr_f17b4195
GET /api/v1/chat/users status=200 duration_ms=5.06 user=usr_f17b4195
GET /api/v1/chat/groups status=200 duration_ms=5.06 user=usr_f17b4195
GET /api/v1/trend/clusters status=200 duration_ms=40938.84 user=usr_f17b4195
GET /api/v1/workflow/items status=200 duration_ms=35.67 user=usr_f17b4195
GET /api/v1/workflow/logs status=200 duration_ms=39.74 user=usr_f17b4195
GET /api/v1/workflow/items status=200 duration_ms=19.77 user=usr_f17b4195
GET /api/v1/workflow/logs status=200 duration_ms=19.88 user=usr_f17b4195
GET /api/v1/workflow/items status=200 duration_ms=11.62 user=usr_f17b4195
GET /api/v1/workflow/items status=200 duration_ms=14.75 user=usr_f17b4195
GET /api/v1/workflow/logs status=200 duration_ms=15.84 user=usr_f17b4195
GET /api/v1/workflow/logs status=200 duration_ms=18.80 user=usr_f17b4195
GET /api/v1/workflow/logs status=200 duration_ms=6.31 user=usr_f17b4195
GET /api/v1/workflow/items status=200 duration_ms=7.58 user=usr_f17b4195
GET /api/v1/workflow/items status=200 duration_ms=12.33 user=usr_f17b4195
GET /api/v1/workflow/logs status=200 duration_ms=11.23 user=usr_f17b4195
POST /api/v1/workflow/items status=200 duration_ms=6.33 user=usr_f17b4195
GET /api/v1/workflow/items status=200 duration_ms=7.85 user=usr_f17b4195
GET /api/v1/workflow/logs status=200 duration_ms=8.21 user=usr_f17b4195
PATCH /api/v1/workflow/items/wf_61e33f78/stage status=200 duration_ms=8.36 user=usr_f17b4195
GET /api/v1/workflow/items status=200 duration_ms=15.06 user=usr_f17b4195
GET /api/v1/workflow/logs status=200 duration_ms=17.54 user=usr_f17b4195
PATCH /api/v1/workflow/items/wf_61e33f78/stage status=200 duration_ms=4.49 user=usr_f17b4195
GET /api/v1/workflow/items status=200 duration_ms=5.77 user=usr_f17b4195
GET /api/v1/workflow/logs status=200 duration_ms=8.26 user=usr_f17b4195
GET /api/v1/workflow/items status=200 duration_ms=7.10 user=usr_f17b4195
GET /api/v1/workflow/logs status=200 duration_ms=8.47 user=usr_f17b4195
GET /api/v1/workflow/logs status=200 duration_ms=8.65 user=usr_f17b4195
GET /api/v1/workflow/items status=200 duration_ms=12.06 user=usr_f17b4195
GET /api/v1/workflow/items status=200 duration_ms=93.63 user=usr_f17b4195
GET /api/v1/workflow/logs status=200 duration_ms=87.01 user=usr_f17b4195
GET /api/v1/workflow/logs status=200 duration_ms=87.50 user=usr_f17b4195
GET /api/v1/workflow/items status=200 duration_ms=91.94 user=usr_f17b4195
GET /api/v1/workflow/items status=200 duration_ms=6.26 user=usr_f17b4195
GET /api/v1/workflow/items status=200 duration_ms=10.35 user=usr_f17b4195
GET /api/v1/workflow/logs status=200 duration_ms=13.88 user=usr_f17b4195
GET /api/v1/workflow/logs status=200 duration_ms=13.30 user=usr_f17b4195
GET /api/v1/chat/users status=200 duration_ms=13.75 user=usr_f17b4195
GET /api/v1/chat/groups status=200 duration_ms=17.86 user=usr_f17b4195
GET /api/v1/chat/groups status=200 duration_ms=2.82 user=usr_f17b4195
GET /api/v1/chat/users status=200 duration_ms=10.21 user=usr_f17b4195
GET /api/v1/chat/dm/usr_a3b89394 status=200 duration_ms=3.19 user=usr_f17b4195
GET /api/v1/chat/users status=200 duration_ms=7.95 user=usr_f17b4195
GET /api/v1/chat/dm/usr_a3b89394 status=200 duration_ms=7.09 user=usr_f17b4195
GET /api/v1/chat/groups status=200 duration_ms=11.91 user=usr_f17b4195
POST /api/v1/chat/ask-ai status=503 duration_ms=209.38 user=usr_f17b4195
POST /api/v1/chat/ask-ai status=503 duration_ms=210.91 user=usr_f17b4195
POST /api/v1/chat/ask-ai status=503 duration_ms=479.84 user=usr_f17b4195
POST /api/v1/chat/ask-ai status=503 duration_ms=398.31 user=usr_f17b4195
POST /api/v1/chat/ask-ai status=200 duration_ms=1798.93 user=usr_f17b4195
POST /api/v1/chat/dm/usr_a3b89394 status=200 duration_ms=8.03 user=usr_f17b4195
GET /api/v1/chat/dm/usr_a3b89394 status=200 duration_ms=6.08 user=usr_f17b4195
GET /api/v1/chat/users status=200 duration_ms=169.12 user=usr_f17b4195
GET /api/v1/chat/groups status=200 duration_ms=150.06 user=usr_f17b4195
GET /api/v1/chat/groups status=200 duration_ms=4.22 user=usr_f17b4195
GET /api/v1/chat/users status=200 duration_ms=10.50 user=usr_f17b4195
GET /api/v1/chat/dm/usr_a3b89394 status=200 duration_ms=2.31 user=usr_f17b4195
GET /api/v1/chat/groups status=200 duration_ms=1.77 user=usr_f17b4195
GET /api/v1/chat/users status=200 duration_ms=5.22 user=usr_f17b4195
GET /api/v1/chat/dm/usr_a3b89394 status=200 duration_ms=6.35 user=usr_f17b4195
GET /api/v1/chat/users status=200 duration_ms=2.58 user=usr_f17b4195
GET /api/v1/chat/groups status=200 duration_ms=1.77 user=usr_f17b4195
GET /api/v1/chat/users status=200 duration_ms=3.74 user=usr_f17b4195
GET /api/v1/chat/groups status=200 duration_ms=1.78 user=usr_f17b4195
GET /api/v1/chat/users status=200 duration_ms=3.97 user=usr_f17b4195
GET /api/v1/chat/groups status=200 duration_ms=5.75 user=usr_f17b4195
GET /api/v1/chat/users status=200 duration_ms=88.97 user=usr_f17b4195
GET /api/v1/chat/groups status=200 duration_ms=90.72 user=usr_f17b4195
GET /api/v1/chat/users status=200 duration_ms=3.76 user=usr_f17b4195
GET /api/v1/chat/groups status=200 duration_ms=4.02 user=usr_f17b4195
GET /api/v1/chat/dm/usr_a3b89394 status=200 duration_ms=2.18 user=usr_f17b4195
GET /api/v1/chat/users status=200 duration_ms=2.92 user=usr_f17b4195
GET /api/v1/chat/groups status=200 duration_ms=3.17 user=usr_f17b4195
GET /api/v1/chat/dm/usr_a3b89394 status=200 duration_ms=1.83 user=usr_f17b4195
GET /api/v1/chat/groups status=200 duration_ms=2.12 user=usr_f17b4195
GET /api/v1/chat/users status=200 duration_ms=7.24 user=usr_f17b4195
GET /api/v1/chat/users status=200 duration_ms=2.26 user=usr_f17b4195
GET /api/v1/chat/groups status=200 duration_ms=1.93 user=usr_f17b4195
GET /api/v1/chat/users status=200 duration_ms=2.00 user=usr_f17b4195
GET /api/v1/chat/groups status=200 duration_ms=1.88 user=usr_f17b4195
GET /api/v1/chat/users status=200 duration_ms=3.08 user=usr_f17b4195
GET /api/v1/chat/groups status=200 duration_ms=3.82 user=usr_f17b4195
GET /api/v1/chat/users status=200 duration_ms=28.19 user=usr_f17b4195
GET /api/v1/chat/groups status=200 duration_ms=30.94 user=usr_f17b4195
POST /api/v1/chat/dm/usr_a3b89394 status=200 duration_ms=4.72 user=usr_f17b4195
GET /api/v1/chat/dm/usr_a3b89394 status=200 duration_ms=2.01 user=usr_f17b4195
POST /api/v1/chat/extract-tasks status=200 duration_ms=3.92 user=usr_f17b4195
POST /api/v1/chat/dm/usr_a3b89394 status=200 duration_ms=2.60 user=usr_f17b4195
GET /api/v1/chat/dm/usr_a3b89394 status=200 duration_ms=1.69 user=usr_f17b4195
POST /api/v1/chat/extract-tasks status=200 duration_ms=2.78 user=usr_f17b4195
POST /api/v1/chat/dm/usr_a3b89394 status=200 duration_ms=3.04 user=usr_f17b4195
GET /api/v1/chat/dm/usr_a3b89394 status=200 duration_ms=1.72 user=usr_f17b4195
POST /api/v1/chat/extract-tasks status=200 duration_ms=3.66 user=usr_f17b4195
POST /api/v1/chat/dm/usr_a3b89394 status=200 duration_ms=2.16 user=usr_f17b4195
GET /api/v1/chat/dm/usr_a3b89394 status=200 duration_ms=1.79 user=usr_f17b4195
POST /api/v1/chat/extract-tasks status=200 duration_ms=2.45 user=usr_f17b4195
POST /api/v1/chat/dm/usr_a3b89394 status=200 duration_ms=2.36 user=usr_f17b4195
GET /api/v1/chat/dm/usr_a3b89394 status=200 duration_ms=1.72 user=usr_f17b4195
POST /api/v1/chat/extract-tasks status=200 duration_ms=24261.49 user=usr_f17b4195
POST /api/v1/chat/apply-task-action status=200 duration_ms=13.31 user=usr_f17b4195
POST /api/v1/chat/apply-task-action status=200 duration_ms=22.55 user=usr_f17b4195
POST /api/v1/chat/apply-task-action status=200 duration_ms=2.52 user=usr_f17b4195
POST /api/v1/chat/dm/usr_a3b89394 status=200 duration_ms=2.73 user=usr_f17b4195
GET /api/v1/chat/dm/usr_a3b89394 status=200 duration_ms=2.23 user=usr_f17b4195
POST /api/v1/chat/extract-tasks status=200 duration_ms=2.24 user=usr_f17b4195
GET /api/v1/chat/groups status=200 duration_ms=2.42 user=usr_f17b4195
GET /api/v1/chat/users status=200 duration_ms=23.08 user=usr_f17b4195
GET /api/v1/chat/users status=200 duration_ms=3.53 user=usr_f17b4195
GET /api/v1/chat/groups status=200 duration_ms=3.95 user=usr_f17b4195
GET /api/v1/chat/users status=200 duration_ms=10.79 user=usr_f17b4195
GET /api/v1/chat/groups status=200 duration_ms=11.43 user=usr_f17b4195
GET /api/v1/chat/dm/usr_a3b89394 status=200 duration_ms=1.89 user=usr_f17b4195
GET /api/v1/chat/dm/usr_a3b89394 status=200 duration_ms=1.78 user=usr_f17b4195
GET /api/v1/chat/users status=200 duration_ms=3.00 user=usr_f17b4195
GET /api/v1/chat/groups status=200 duration_ms=3.83 user=usr_f17b4195
GET /api/v1/chat/users status=200 duration_ms=2.24 user=usr_f17b4195
GET /api/v1/chat/groups status=200 duration_ms=2.06 user=usr_f17b4195
GET /api/v1/chat/users status=200 duration_ms=1.77 user=usr_f17b4195
GET /api/v1/chat/groups status=200 duration_ms=2.71 user=usr_f17b4195
GET /api/v1/chat/users status=200 duration_ms=3.69 user=usr_f17b4195
GET /api/v1/chat/groups status=200 duration_ms=4.05 user=usr_f17b4195
GET /api/v1/chat/users status=200 duration_ms=1.74 user=usr_f17b4195
GET /api/v1/chat/groups status=200 duration_ms=1.69 user=usr_f17b4195
GET /api/v1/chat/users status=200 duration_ms=8.62 user=usr_f17b4195
GET /api/v1/chat/groups status=200 duration_ms=8.34 user=usr_f17b4195
POST /api/v1/chat/dm/usr_a3b89394 status=200 duration_ms=2.29 user=usr_f17b4195
GET /api/v1/chat/dm/usr_a3b89394 status=200 duration_ms=1.62 user=usr_f17b4195
POST /api/v1/chat/extract-tasks status=200 duration_ms=2.42 user=usr_f17b4195
POST /api/v1/chat/dm/usr_a3b89394 status=200 duration_ms=2.60 user=usr_f17b4195
GET /api/v1/chat/dm/usr_a3b89394 status=200 duration_ms=1.59 user=usr_f17b4195
POST /api/v1/chat/extract-tasks status=200 duration_ms=2.41 user=usr_f17b4195
POST /api/v1/chat/dm/usr_a3b89394 status=200 duration_ms=2.18 user=usr_f17b4195
GET /api/v1/chat/dm/usr_a3b89394 status=200 duration_ms=1.69 user=usr_f17b4195
POST /api/v1/chat/extract-tasks status=200 duration_ms=2.36 user=usr_f17b4195
POST /api/v1/chat/dm/usr_a3b89394 status=200 duration_ms=2.19 user=usr_f17b4195
GET /api/v1/chat/dm/usr_a3b89394 status=200 duration_ms=1.73 user=usr_f17b4195
POST /api/v1/chat/extract-tasks status=200 duration_ms=2226.00 user=usr_f17b4195
GET /api/v1/workflow/items status=200 duration_ms=82.23 user=usr_f17b4195
GET /api/v1/workflow/logs status=200 duration_ms=81.48 user=usr_f17b4195
GET /api/v1/workflow/items status=200 duration_ms=27.31 user=usr_f17b4195
GET /api/v1/workflow/logs status=200 duration_ms=29.37 user=usr_f17b4195
GET /api/v1/workflow/logs status=200 duration_ms=30.13 user=usr_f17b4195
GET /api/v1/workflow/items status=200 duration_ms=30.70 user=usr_f17b4195
POST /api/v1/chat/apply-task-action status=404 duration_ms=2.03 user=usr_f17b4195
POST /api/v1/chat/extract-tasks status=200 duration_ms=2.28 user=usr_f17b4195
POST /api/v1/chat/extract-tasks status=200 duration_ms=2.48 user=usr_f17b4195
POST /api/v1/chat/extract-tasks status=200 duration_ms=2.44 user=usr_f17b4195
GET /api/v1/chat/users status=200 duration_ms=8.91 user=usr_f17b4195
GET /api/v1/chat/groups status=200 duration_ms=9.74 user=usr_f17b4195
GET /api/v1/chat/groups status=200 duration_ms=1.57 user=usr_f17b4195
GET /api/v1/chat/users status=200 duration_ms=4.96 user=usr_f17b4195
GET /api/v1/chat/dm/usr_a3b89394 status=200 duration_ms=2.32 user=usr_f17b4195
GET /api/v1/chat/dm/usr_a3b89394 status=200 duration_ms=1.61 user=usr_f17b4195
GET /api/v1/chat/users status=200 duration_ms=2.72 user=usr_f17b4195
GET /api/v1/chat/groups status=200 duration_ms=3.27 user=usr_f17b4195
GET /api/v1/workflow/items status=200 duration_ms=2.86 user=usr_f17b4195
GET /api/v1/workflow/logs status=200 duration_ms=1.52 user=usr_f17b4195
GET /api/v1/chat/users status=200 duration_ms=14.03 user=usr_f17b4195
GET /api/v1/chat/groups status=200 duration_ms=14.29 user=usr_f17b4195
GET /api/v1/chat/users status=200 duration_ms=22.10 user=usr_f17b4195
GET /api/v1/chat/groups status=200 duration_ms=23.10 user=usr_f17b4195
GET /api/v1/chat/dm/usr_a3b89394 status=200 duration_ms=2.00 user=usr_f17b4195
GET /api/v1/chat/users status=200 duration_ms=2.97 user=usr_f17b4195
GET /api/v1/chat/groups status=200 duration_ms=3.59 user=usr_f17b4195
GET /api/v1/chat/dm/usr_a3b89394 status=200 duration_ms=3.30 user=usr_f17b4195
POST /api/v1/chat/extract-tasks status=200 duration_ms=2.98 user=usr_f17b4195
POST /api/v1/chat/extract-tasks status=200 duration_ms=1.97 user=usr_f17b4195
POST /api/v1/chat/extract-tasks status=200 duration_ms=1.67 user=usr_f17b4195
GET /api/v1/workflow/items status=200 duration_ms=4.17 user=usr_f17b4195
GET /api/v1/workflow/logs status=200 duration_ms=8.64 user=usr_f17b4195
GET /api/v1/workflow/logs status=200 duration_ms=5.10 user=usr_f17b4195
GET /api/v1/workflow/items status=200 duration_ms=12.81 user=usr_f17b4195
POST /api/v1/chat/extract-tasks status=200 duration_ms=3.96 user=usr_f17b4195
POST /api/v1/chat/extract-tasks status=200 duration_ms=2.09 user=usr_f17b4195
POST /api/v1/chat/extract-tasks status=200 duration_ms=1.27 user=usr_f17b4195
POST /api/v1/chat/extract-tasks status=200 duration_ms=1.85 user=usr_f17b4195
GET /api/v1/health status=200 duration_ms=2.09 user=anonymous
POST /api/v1/chat/dm/usr_a3b89394 status=200 duration_ms=2.26 user=usr_f17b4195
GET /api/v1/chat/dm/usr_a3b89394 status=200 duration_ms=3.55 user=usr_f17b4195
POST /api/v1/chat/extract-tasks status=200 duration_ms=2.00 user=usr_f17b4195
POST /api/v1/chat/extract-tasks status=200 duration_ms=1917.63 user=usr_f17b4195
POST /api/v1/chat/apply-task-action status=200 duration_ms=3.17 user=usr_f17b4195
GET /api/v1/workflow/items status=200 duration_ms=5.49 user=usr_f17b4195
GET /api/v1/workflow/logs status=200 duration_ms=5.20 user=usr_f17b4195
GET /api/v1/workflow/items status=200 duration_ms=8.53 user=usr_f17b4195
GET /api/v1/workflow/items status=200 duration_ms=7.38 user=usr_f17b4195
GET /api/v1/workflow/logs status=200 duration_ms=8.02 user=usr_f17b4195
GET /api/v1/workflow/logs status=200 duration_ms=7.85 user=usr_f17b4195
POST /api/v1/chat/dm/usr_a3b89394 status=200 duration_ms=2.21 user=usr_f17b4195
GET /api/v1/chat/dm/usr_a3b89394 status=200 duration_ms=1.54 user=usr_f17b4195
POST /api/v1/chat/extract-tasks status=200 duration_ms=2.28 user=usr_f17b4195
POST /api/v1/chat/extract-tasks status=200 duration_ms=1688.28 user=usr_f17b4195
GET /api/v1/chat/users status=200 duration_ms=2.24 user=usr_f17b4195
GET /api/v1/chat/groups status=200 duration_ms=2.18 user=usr_f17b4195
GET /api/v1/chat/dm/usr_a3b89394 status=200 duration_ms=1.63 user=usr_f17b4195
GET /api/v1/chat/users status=200 duration_ms=18.81 user=usr_f17b4195
GET /api/v1/chat/groups status=200 duration_ms=20.24 user=usr_f17b4195
GET /api/v1/chat/dm/usr_a3b89394 status=200 duration_ms=2.20 user=usr_f17b4195
GET /api/v1/chat/users status=200 duration_ms=19.58 user=usr_f17b4195
GET /api/v1/chat/groups status=200 duration_ms=19.64 user=usr_f17b4195
GET /api/v1/workflow/logs status=200 duration_ms=7.50 user=usr_f17b4195
GET /api/v1/workflow/items status=200 duration_ms=11.01 user=usr_f17b4195
GET /api/v1/workflow/items status=200 duration_ms=10.62 user=usr_f17b4195
GET /api/v1/workflow/logs status=200 duration_ms=11.04 user=usr_f17b4195
GET /api/v1/workflow/items status=200 duration_ms=4.31 user=usr_f17b4195
GET /api/v1/workflow/logs status=200 duration_ms=5.60 user=usr_f17b4195
GET /api/v1/workflow/items status=200 duration_ms=6.19 user=usr_f17b4195
GET /api/v1/workflow/logs status=200 duration_ms=6.93 user=usr_f17b4195
GET /api/v1/chat/groups status=200 duration_ms=1.98 user=usr_f17b4195
GET /api/v1/chat/users status=200 duration_ms=5.34 user=usr_f17b4195
GET /api/v1/chat/dm/usr_a3b89394 status=200 duration_ms=2.14 user=usr_f17b4195
GET /api/v1/chat/users status=200 duration_ms=3.13 user=usr_f17b4195
GET /api/v1/chat/groups status=200 duration_ms=3.56 user=usr_f17b4195
POST /api/v1/chat/extract-tasks status=200 duration_ms=2988.25 user=usr_f17b4195
GET /docs status=200 duration_ms=1.92 user=anonymous
GET /api/v1/chat/users status=200 duration_ms=9.47 user=usr_f17b4195
GET /api/v1/chat/groups status=200 duration_ms=9.17 user=usr_f17b4195
GET /api/v1/chat/users status=200 duration_ms=2.82 user=usr_f17b4195
GET /api/v1/chat/groups status=200 duration_ms=3.21 user=usr_f17b4195
GET /api/v1/chat/dm/usr_a3b89394 status=200 duration_ms=1.66 user=usr_f17b4195
GET /api/v1/chat/users status=200 duration_ms=2.46 user=usr_f17b4195
GET /api/v1/chat/groups status=200 duration_ms=1.57 user=usr_f17b4195
POST /api/v1/chat/dm/usr_a3b89394 status=200 duration_ms=2.13 user=usr_f17b4195
GET /api/v1/chat/dm/usr_a3b89394 status=200 duration_ms=1.64 user=usr_f17b4195
POST /api/v1/chat/extract-tasks status=200 duration_ms=2.15 user=usr_f17b4195
POST /api/v1/chat/extract-tasks status=200 duration_ms=2296.75 user=usr_f17b4195
GET /api/v1/chat/users status=200 duration_ms=7.18 user=usr_f17b4195
GET /api/v1/chat/groups status=200 duration_ms=1.77 user=usr_f17b4195
GET /api/v1/chat/dm/usr_a3b89394 status=200 duration_ms=46.85 user=usr_f17b4195
GET /api/v1/chat/users status=200 duration_ms=48.44 user=usr_f17b4195
GET /api/v1/chat/groups status=200 duration_ms=34.66 user=usr_f17b4195
GET /api/v1/chat/users status=200 duration_ms=24.59 user=usr_f17b4195
GET /api/v1/chat/groups status=200 duration_ms=27.27 user=usr_f17b4195
GET /api/v1/chat/dm/usr_a3b89394 status=200 duration_ms=4.30 user=usr_f17b4195
GET /api/v1/chat/users status=200 duration_ms=4.42 user=usr_f17b4195
GET /api/v1/chat/groups status=200 duration_ms=4.76 user=usr_f17b4195
POST /api/v1/chat/extract-tasks status=200 duration_ms=6.11 user=usr_f17b4195
POST /api/v1/chat/dm/usr_a3b89394 status=200 duration_ms=2.91 user=usr_f17b4195
GET /api/v1/chat/dm/usr_a3b89394 status=200 duration_ms=1.74 user=usr_f17b4195
POST /api/v1/chat/extract-tasks status=200 duration_ms=3.25 user=usr_f17b4195
POST /api/v1/chat/extract-tasks status=200 duration_ms=3637.21 user=usr_f17b4195
POST /api/v1/chat/apply-task-action status=200 duration_ms=9.06 user=usr_f17b4195
POST /api/v1/chat/dm/usr_a3b89394 status=200 duration_ms=1.65 user=usr_f17b4195
GET /api/v1/chat/dm/usr_a3b89394 status=200 duration_ms=1.69 user=usr_f17b4195
POST /api/v1/chat/extract-tasks status=200 duration_ms=3.31 user=usr_f17b4195
POST /api/v1/chat/extract-tasks status=200 duration_ms=3209.16 user=usr_f17b4195
POST /api/v1/chat/apply-task-action status=200 duration_ms=5.61 user=usr_f17b4195
GET /api/v1/workflow/items status=200 duration_ms=36.49 user=usr_f17b4195
GET /api/v1/workflow/logs status=200 duration_ms=33.92 user=usr_f17b4195
GET /api/v1/workflow/logs status=200 duration_ms=36.27 user=usr_f17b4195
GET /api/v1/workflow/items status=200 duration_ms=36.33 user=usr_f17b4195
GET /api/v1/workflow/items status=200 duration_ms=5.92 user=usr_f17b4195
GET /api/v1/workflow/items status=200 duration_ms=3.20 user=usr_f17b4195
GET /api/v1/workflow/logs status=200 duration_ms=4.71 user=usr_f17b4195
GET /api/v1/workflow/logs status=200 duration_ms=7.87 user=usr_f17b4195
GET /api/v1/chat/users status=200 duration_ms=17.94 user=usr_f17b4195
GET /api/v1/chat/groups status=200 duration_ms=18.49 user=usr_f17b4195
GET /api/v1/chat/dm/usr_a3b89394 status=200 duration_ms=1.98 user=usr_f17b4195
GET /api/v1/chat/users status=200 duration_ms=4.58 user=usr_f17b4195
GET /api/v1/chat/groups status=200 duration_ms=5.09 user=usr_f17b4195
POST /api/v1/chat/dm/usr_a3b89394 status=200 duration_ms=4.87 user=usr_f17b4195
GET /api/v1/chat/dm/usr_a3b89394 status=200 duration_ms=2.87 user=usr_f17b4195
POST /api/v1/chat/extract-tasks status=200 duration_ms=4.30 user=usr_f17b4195
POST /api/v1/chat/extract-tasks status=200 duration_ms=3278.74 user=usr_f17b4195
POST /api/v1/chat/apply-task-action status=200 duration_ms=19.51 user=usr_f17b4195
GET /api/v1/workflow/items status=200 duration_ms=3.00 user=usr_f17b4195
GET /api/v1/workflow/logs status=200 duration_ms=13.16 user=usr_f17b4195
GET /api/v1/workflow/items status=200 duration_ms=14.62 user=usr_f17b4195
GET /api/v1/workflow/logs status=200 duration_ms=4.82 user=usr_f17b4195
GET /api/v1/workflow/items status=200 duration_ms=37.57 user=usr_f17b4195
GET /api/v1/workflow/logs status=200 duration_ms=38.48 user=usr_f17b4195
GET /api/v1/workflow/logs status=200 duration_ms=10.85 user=usr_f17b4195
GET /api/v1/workflow/items status=200 duration_ms=45.61 user=usr_f17b4195
GET /api/v1/chat/users status=200 duration_ms=4.20 user=usr_f17b4195
GET /api/v1/chat/groups status=200 duration_ms=4.07 user=usr_f17b4195
GET /api/v1/chat/dm/usr_a3b89394 status=200 duration_ms=1.80 user=usr_f17b4195
GET /api/v1/chat/users status=200 duration_ms=4.55 user=usr_f17b4195
GET /api/v1/chat/groups status=200 duration_ms=6.50 user=usr_f17b4195
POST /api/v1/chat/dm/usr_a3b89394 status=200 duration_ms=2.12 user=usr_f17b4195
GET /api/v1/chat/dm/usr_a3b89394 status=200 duration_ms=1.98 user=usr_f17b4195
POST /api/v1/chat/extract-tasks status=200 duration_ms=3.39 user=usr_f17b4195
POST /api/v1/chat/extract-tasks status=200 duration_ms=2291.76 user=usr_f17b4195
POST /api/v1/chat/apply-task-action status=404 duration_ms=5.27 user=usr_f17b4195
POST /api/v1/chat/apply-task-action status=404 duration_ms=4.47 user=usr_f17b4195
GET /api/v1/chat/users status=200 duration_ms=1.56 user=usr_f17b4195
GET /api/v1/chat/groups status=200 duration_ms=1.62 user=usr_f17b4195
GET /api/v1/chat/dm/usr_a3b89394 status=200 duration_ms=1.66 user=usr_f17b4195
GET /api/v1/chat/users status=200 duration_ms=8.66 user=usr_f17b4195
GET /api/v1/chat/groups status=200 duration_ms=9.12 user=usr_f17b4195
GET /api/v1/chat/dm/usr_a3b89394 status=200 duration_ms=2.91 user=usr_f17b4195
GET /api/v1/chat/groups status=200 duration_ms=7.50 user=usr_f17b4195
GET /api/v1/chat/users status=200 duration_ms=8.94 user=usr_f17b4195
GET /api/v1/workflow/items status=200 duration_ms=10.87 user=usr_f17b4195
GET /api/v1/workflow/items status=200 duration_ms=9.43 user=usr_f17b4195
GET /api/v1/workflow/logs status=200 duration_ms=13.25 user=usr_f17b4195
GET /api/v1/workflow/logs status=200 duration_ms=12.83 user=usr_f17b4195
GET /api/v1/workflow/items status=200 duration_ms=4.68 user=usr_f17b4195
GET /api/v1/workflow/logs status=200 duration_ms=8.45 user=usr_f17b4195
GET /api/v1/workflow/logs status=200 duration_ms=3.76 user=usr_f17b4195
GET /api/v1/workflow/items status=200 duration_ms=7.38 user=usr_f17b4195
GET /api/v1/chat/users status=200 duration_ms=2.21 user=usr_f17b4195
GET /api/v1/chat/groups status=200 duration_ms=2.01 user=usr_f17b4195
GET /api/v1/chat/dm/usr_a3b89394 status=200 duration_ms=2.24 user=usr_f17b4195
GET /api/v1/chat/users status=200 duration_ms=4.43 user=usr_f17b4195
GET /api/v1/chat/groups status=200 duration_ms=9.97 user=usr_f17b4195
POST /api/v1/chat/dm/usr_a3b89394 status=200 duration_ms=2.25 user=usr_f17b4195
GET /api/v1/chat/dm/usr_a3b89394 status=200 duration_ms=1.41 user=usr_f17b4195
POST /api/v1/chat/extract-tasks status=200 duration_ms=3.40 user=usr_f17b4195
POST /api/v1/chat/extract-tasks status=200 duration_ms=3001.05 user=usr_f17b4195
POST /api/v1/chat/apply-task-action status=200 duration_ms=10.16 user=usr_f17b4195
POST /api/v1/chat/dm/usr_a3b89394 status=200 duration_ms=1.73 user=usr_f17b4195
GET /api/v1/chat/dm/usr_a3b89394 status=200 duration_ms=1.47 user=usr_f17b4195
POST /api/v1/chat/extract-tasks status=200 duration_ms=1.73 user=usr_f17b4195
POST /api/v1/chat/extract-tasks status=200 duration_ms=2086.57 user=usr_f17b4195
POST /api/v1/chat/apply-task-action status=200 duration_ms=4.14 user=usr_f17b4195
GET /api/v1/workflow/items status=200 duration_ms=1.53 user=usr_f17b4195
GET /api/v1/workflow/logs status=200 duration_ms=1.85 user=usr_f17b4195
GET /api/v1/workflow/items status=200 duration_ms=4.24 user=usr_f17b4195
GET /api/v1/workflow/logs status=200 duration_ms=3.35 user=usr_f17b4195
GET /api/v1/chat/users status=200 duration_ms=3.55 user=usr_f17b4195
GET /api/v1/chat/groups status=200 duration_ms=5.35 user=usr_f17b4195
GET /api/v1/chat/dm/usr_a3b89394 status=200 duration_ms=1.83 user=usr_f17b4195
GET /api/v1/chat/users status=200 duration_ms=2.75 user=usr_f17b4195
GET /api/v1/chat/groups status=200 duration_ms=3.51 user=usr_f17b4195
POST /api/v1/chat/dm/usr_a3b89394 status=200 duration_ms=2.28 user=usr_f17b4195
GET /api/v1/chat/dm/usr_a3b89394 status=200 duration_ms=1.80 user=usr_f17b4195
POST /api/v1/chat/extract-tasks status=200 duration_ms=4.43 user=usr_f17b4195
POST /api/v1/chat/extract-tasks status=200 duration_ms=2210.51 user=usr_f17b4195
POST /api/v1/chat/apply-task-action status=200 duration_ms=6.51 user=usr_f17b4195
POST /api/v1/chat/apply-task-action status=200 duration_ms=5.07 user=usr_f17b4195
GET /api/v1/workflow/items status=200 duration_ms=3.34 user=usr_f17b4195
GET /api/v1/workflow/logs status=200 duration_ms=26.42 user=usr_f17b4195
GET /api/v1/workflow/logs status=200 duration_ms=28.53 user=usr_f17b4195
GET /api/v1/workflow/items status=200 duration_ms=27.83 user=usr_f17b4195
GET /api/v1/chat/users status=200 duration_ms=7.08 user=usr_f17b4195
GET /api/v1/chat/groups status=200 duration_ms=6.90 user=usr_f17b4195
GET /api/v1/chat/dm/usr_a3b89394 status=200 duration_ms=2.11 user=usr_f17b4195
GET /api/v1/chat/groups status=200 duration_ms=1.69 user=usr_f17b4195
GET /api/v1/chat/users status=200 duration_ms=5.34 user=usr_f17b4195
POST /api/v1/chat/dm/usr_a3b89394 status=200 duration_ms=3.24 user=usr_f17b4195
GET /api/v1/chat/dm/usr_a3b89394 status=200 duration_ms=2.51 user=usr_f17b4195
POST /api/v1/chat/extract-tasks status=200 duration_ms=3.97 user=usr_f17b4195
POST /api/v1/chat/dm/usr_a3b89394 status=200 duration_ms=3.40 user=usr_f17b4195
GET /api/v1/chat/dm/usr_a3b89394 status=200 duration_ms=15.27 user=usr_f17b4195
POST /api/v1/chat/extract-tasks status=200 duration_ms=2.42 user=usr_f17b4195
POST /api/v1/chat/extract-tasks status=200 duration_ms=2159.21 user=usr_f17b4195
POST /api/v1/chat/apply-task-action status=200 duration_ms=9.34 user=usr_f17b4195
POST /api/v1/chat/apply-task-action status=404 duration_ms=4.36 user=usr_f17b4195
GET /api/v1/workflow/items status=200 duration_ms=56.01 user=usr_f17b4195
GET /api/v1/workflow/items status=200 duration_ms=55.16 user=usr_f17b4195
GET /api/v1/workflow/logs status=200 duration_ms=58.82 user=usr_f17b4195
GET /api/v1/workflow/logs status=200 duration_ms=49.15 user=usr_f17b4195
GET /api/v1/chat/users status=200 duration_ms=110.56 user=usr_f17b4195
GET /api/v1/chat/groups status=200 duration_ms=111.47 user=usr_f17b4195
GET /api/v1/chat/dm/usr_a3b89394 status=200 duration_ms=1.85 user=usr_f17b4195
GET /api/v1/chat/users status=200 duration_ms=2.76 user=usr_f17b4195
GET /api/v1/chat/groups status=200 duration_ms=1.76 user=usr_f17b4195
POST /api/v1/chat/dm/usr_a3b89394 status=200 duration_ms=30.85 user=usr_f17b4195
GET /api/v1/chat/dm/usr_a3b89394 status=200 duration_ms=3.63 user=usr_f17b4195
POST /api/v1/chat/extract-tasks status=200 duration_ms=3.99 user=usr_f17b4195
POST /api/v1/chat/dm/usr_a3b89394 status=200 duration_ms=2.43 user=usr_f17b4195
GET /api/v1/chat/dm/usr_a3b89394 status=200 duration_ms=2.45 user=usr_f17b4195
POST /api/v1/chat/extract-tasks status=200 duration_ms=3.29 user=usr_f17b4195
POST /api/v1/chat/extract-tasks status=200 duration_ms=3128.24 user=usr_f17b4195
POST /api/v1/chat/apply-task-action status=200 duration_ms=13.47 user=usr_f17b4195
GET /api/v1/workflow/items status=200 duration_ms=313.95 user=usr_f17b4195
GET /api/v1/workflow/logs status=200 duration_ms=312.94 user=usr_f17b4195
GET /api/v1/workflow/items status=200 duration_ms=314.77 user=usr_f17b4195
GET /api/v1/workflow/logs status=200 duration_ms=318.01 user=usr_f17b4195
GET /api/v1/chat/users status=200 duration_ms=18.15 user=usr_f17b4195
GET /api/v1/chat/groups status=200 duration_ms=19.12 user=usr_f17b4195
GET /api/v1/chat/dm/usr_a3b89394 status=200 duration_ms=2.68 user=usr_f17b4195
GET /api/v1/chat/users status=200 duration_ms=5.50 user=usr_f17b4195
GET /api/v1/chat/groups status=200 duration_ms=6.50 user=usr_f17b4195
POST /api/v1/chat/dm/usr_a3b89394 status=200 duration_ms=2.43 user=usr_f17b4195
GET /api/v1/chat/dm/usr_a3b89394 status=200 duration_ms=1.75 user=usr_f17b4195
POST /api/v1/chat/extract-tasks status=200 duration_ms=2.81 user=usr_f17b4195
POST /api/v1/chat/dm/usr_a3b89394 status=200 duration_ms=2.34 user=usr_f17b4195
GET /api/v1/chat/dm/usr_a3b89394 status=200 duration_ms=1.86 user=usr_f17b4195
POST /api/v1/chat/extract-tasks status=200 duration_ms=2.80 user=usr_f17b4195
POST /api/v1/chat/extract-tasks status=200 duration_ms=3459.07 user=usr_f17b4195
POST /api/v1/chat/apply-task-action status=200 duration_ms=6.90 user=usr_f17b4195
POST /api/v1/chat/apply-task-action status=200 duration_ms=11.94 user=usr_f17b4195
GET /api/v1/workflow/items status=200 duration_ms=96.40 user=usr_f17b4195
GET /api/v1/workflow/logs status=200 duration_ms=99.39 user=usr_f17b4195
GET /api/v1/workflow/items status=200 duration_ms=100.76 user=usr_f17b4195
GET /api/v1/workflow/logs status=200 duration_ms=103.57 user=usr_f17b4195
PATCH /api/v1/workflow/items/wf_b223e576/stage status=200 duration_ms=3.52 user=usr_f17b4195
GET /api/v1/workflow/logs status=200 duration_ms=1.39 user=usr_f17b4195
GET /api/v1/workflow/items status=200 duration_ms=7.25 user=usr_f17b4195
GET /api/v1/chat/users status=200 duration_ms=54.24 user=usr_f17b4195
GET /api/v1/chat/groups status=200 duration_ms=51.32 user=usr_f17b4195
GET /api/v1/chat/dm/usr_a3b89394 status=200 duration_ms=6.27 user=usr_f17b4195
GET /api/v1/chat/users status=200 duration_ms=4.82 user=usr_f17b4195
GET /api/v1/chat/groups status=200 duration_ms=5.37 user=usr_f17b4195
POST /api/v1/chat/dm/usr_a3b89394 status=200 duration_ms=7.77 user=usr_f17b4195
GET /api/v1/chat/dm/usr_a3b89394 status=200 duration_ms=1.76 user=usr_f17b4195
POST /api/v1/chat/extract-tasks status=200 duration_ms=8.05 user=usr_f17b4195
POST /api/v1/chat/dm/usr_a3b89394 status=200 duration_ms=2.46 user=usr_f17b4195
GET /api/v1/chat/dm/usr_a3b89394 status=200 duration_ms=6.44 user=usr_f17b4195
POST /api/v1/chat/extract-tasks status=200 duration_ms=6.12 user=usr_f17b4195
POST /api/v1/chat/extract-tasks status=200 duration_ms=2852.77 user=usr_f17b4195
POST /api/v1/chat/apply-task-action status=200 duration_ms=17.68 user=usr_f17b4195
POST /api/v1/chat/apply-task-action status=200 duration_ms=5.35 user=usr_f17b4195
GET /api/v1/workflow/items status=200 duration_ms=105.60 user=usr_f17b4195
GET /api/v1/workflow/logs status=200 duration_ms=106.17 user=usr_f17b4195
GET /api/v1/workflow/logs status=200 duration_ms=61.45 user=usr_f17b4195
GET /api/v1/workflow/items status=200 duration_ms=14.80 user=usr_f17b4195
GET /api/v1/workflow/items status=200 duration_ms=5.06 user=usr_f17b4195
GET /api/v1/workflow/items status=200 duration_ms=10.38 user=usr_f17b4195
GET /api/v1/workflow/logs status=200 duration_ms=12.91 user=usr_f17b4195
GET /api/v1/workflow/logs status=200 duration_ms=14.83 user=usr_f17b4195
POST /api/v1/workflow/items/wf_b223e576/comments status=200 duration_ms=12.14 user=usr_f17b4195
GET /api/v1/workflow/items status=200 duration_ms=10.73 user=usr_f17b4195
GET /api/v1/workflow/logs status=200 duration_ms=11.96 user=usr_f17b4195
POST /api/v1/auth/oauth/sync status=200 duration_ms=16.64 user=anonymous
POST /api/v1/auth/login status=401 duration_ms=17.50 user=anonymous
POST /api/v1/auth/login status=401 duration_ms=2.12 user=anonymous
GET /api/v1/health status=200 duration_ms=4.42 user=anonymous
POST /api/v1/auth/register status=400 duration_ms=14.43 user=anonymous
POST /api/v1/auth/login status=401 duration_ms=2.13 user=anonymous
POST /api/v1/auth/register status=422 duration_ms=0.95 user=anonymous
POST /api/v1/auth/login status=422 duration_ms=0.71 user=anonymous
POST /api/v1/auth/register status=400 duration_ms=13.53 user=anonymous
POST /api/v1/auth/login status=401 duration_ms=4.41 user=anonymous
GET /api/v1/health status=200 duration_ms=32.22 user=anonymous
POST /api/v1/auth/register status=400 duration_ms=25.91 user=anonymous
POST /api/v1/auth/register status=200 duration_ms=332.98 user=anonymous
POST /api/v1/auth/login status=200 duration_ms=304.07 user=anonymous
POST /api/v1/auth/oauth/sync status=200 duration_ms=15.82 user=anonymous
GET /api/v1/health status=200 duration_ms=14.96 user=anonymous
POST /api/v1/auth/login status=401 duration_ms=261.02 user=anonymous
POST /api/v1/auth/register status=400 duration_ms=40.91 user=anonymous
POST /api/v1/auth/login status=401 duration_ms=3.14 user=anonymous
POST /api/v1/auth/register status=200 duration_ms=353.56 user=anonymous
POST /api/v1/auth/login status=200 duration_ms=342.88 user=anonymous
POST /api/v1/auth/login status=422 duration_ms=1.19 user=anonymous
POST /api/v1/auth/login status=422 duration_ms=1.14 user=anonymous
POST /api/v1/auth/login status=200 duration_ms=337.03 user=anonymous
POST /api/v1/auth/login status=200 duration_ms=335.77 user=anonymous
POST /api/v1/auth/login status=200 duration_ms=332.79 user=anonymous
POST /api/v1/calendar/fetch-ics status=200 duration_ms=4.95 user=usr_945a2231
GET /api/v1/chat/users status=200 duration_ms=2.87 user=usr_945a2231
GET /api/v1/health status=200 duration_ms=2.00 user=anonymous
GET /api/v1/health status=200 duration_ms=0.91 user=anonymous
POST /api/v1/auth/login status=401 duration_ms=7.88 user=anonymous
POST /api/v1/auth/login status=401 duration_ms=7.96 user=anonymous
POST /api/v1/auth/register status=200 duration_ms=1020.34 user=anonymous
POST /api/v1/auth/login status=200 duration_ms=1034.24 user=anonymous
GET /api/v1/chat/users status=200 duration_ms=21.68 user=usr_367ea766
GET /api/v1/chat/groups status=200 duration_ms=14.32 user=usr_367ea766
GET /api/v1/chat/dm/usr_945a2231 status=200 duration_ms=10.95 user=usr_367ea766
GET /api/v1/chat/users status=200 duration_ms=20.44 user=usr_367ea766
GET /api/v1/chat/groups status=200 duration_ms=18.64 user=usr_367ea766
GET /api/v1/chat/work-items status=200 duration_ms=14.98 user=usr_367ea766
GET /api/v1/chat/work-items status=200 duration_ms=6.10 user=usr_367ea766
GET /api/v1/chat/groups status=200 duration_ms=13.75 user=usr_367ea766
GET /api/v1/chat/users status=200 duration_ms=24.59 user=usr_367ea766
GET /api/v1/chat/dm/usr_945a2231 status=200 duration_ms=4.63 user=usr_367ea766
GET /api/v1/chat/work-items status=200 duration_ms=18.18 user=usr_367ea766
GET /api/v1/chat/users status=200 duration_ms=18.12 user=usr_367ea766
GET /api/v1/chat/groups status=200 duration_ms=14.46 user=usr_367ea766
GET /api/v1/chat/work-items status=200 duration_ms=8.05 user=usr_367ea766
POST /api/v1/chat/ask-ai status=200 duration_ms=4100.21 user=usr_367ea766
POST /api/v1/chat/dm/usr_945a2231 status=200 duration_ms=22.94 user=usr_367ea766
GET /api/v1/chat/dm/usr_945a2231 status=200 duration_ms=8.19 user=usr_367ea766
GET /api/v1/chat/work-items status=200 duration_ms=15.17 user=usr_367ea766
GET /api/v1/chat/users status=200 duration_ms=13.74 user=usr_367ea766
GET /api/v1/chat/groups status=200 duration_ms=9.57 user=usr_367ea766
GET /api/v1/chat/work-items status=200 duration_ms=12.22 user=usr_367ea766
GET /api/v1/chat/users status=200 duration_ms=11.18 user=usr_367ea766
GET /api/v1/chat/groups status=200 duration_ms=11.55 user=usr_367ea766
GET /api/v1/chat/work-items status=200 duration_ms=4.05 user=usr_367ea766
GET /api/v1/chat/groups status=200 duration_ms=3.51 user=usr_367ea766
GET /api/v1/chat/users status=200 duration_ms=9.35 user=usr_367ea766
GET /api/v1/chat/groups status=200 duration_ms=4.77 user=usr_367ea766
GET /api/v1/chat/users status=200 duration_ms=8.94 user=usr_367ea766
GET /api/v1/chat/dm/usr_945a2231 status=200 duration_ms=3.24 user=usr_367ea766
GET /api/v1/chat/work-items status=200 duration_ms=12.29 user=usr_367ea766
GET /api/v1/chat/users status=200 duration_ms=9.91 user=usr_367ea766
GET /api/v1/chat/groups status=200 duration_ms=6.62 user=usr_367ea766
GET /api/v1/chat/work-items status=200 duration_ms=3.55 user=usr_367ea766
GET /api/v1/chat/groups status=200 duration_ms=4.66 user=usr_367ea766
GET /api/v1/chat/users status=200 duration_ms=8.03 user=usr_367ea766
GET /api/v1/chat/groups status=200 duration_ms=3.07 user=usr_367ea766
GET /api/v1/chat/users status=200 duration_ms=10.49 user=usr_367ea766
GET /api/v1/chat/groups status=200 duration_ms=4.20 user=usr_367ea766
GET /api/v1/chat/users status=200 duration_ms=8.90 user=usr_367ea766
GET /api/v1/chat/groups status=200 duration_ms=4.02 user=usr_367ea766
GET /api/v1/chat/users status=200 duration_ms=14.21 user=usr_367ea766
GET /api/v1/chat/groups status=200 duration_ms=5.53 user=usr_367ea766
GET /api/v1/chat/users status=200 duration_ms=11.38 user=usr_367ea766
GET /api/v1/chat/groups status=200 duration_ms=3.77 user=usr_367ea766
GET /api/v1/chat/users status=200 duration_ms=7.63 user=usr_367ea766
POST /api/v1/auth/login status=200 duration_ms=693.53 user=anonymous
GET /api/v1/chat/users status=200 duration_ms=13.60 user=usr_367ea766
GET /api/v1/chat/groups status=200 duration_ms=13.26 user=usr_367ea766
GET /api/v1/chat/dm/usr_945a2231 status=200 duration_ms=3.51 user=usr_367ea766
GET /api/v1/chat/work-items status=200 duration_ms=13.68 user=usr_367ea766
GET /api/v1/chat/groups status=200 duration_ms=8.63 user=usr_367ea766
GET /api/v1/chat/users status=200 duration_ms=13.75 user=usr_367ea766
GET /api/v1/chat/work-items status=200 duration_ms=4.99 user=usr_367ea766
GET /api/v1/chat/users status=200 duration_ms=16.05 user=usr_367ea766
GET /api/v1/chat/groups status=200 duration_ms=20.71 user=usr_367ea766
GET /api/v1/chat/dm/usr_945a2231 status=200 duration_ms=39.70 user=usr_367ea766
GET /api/v1/chat/users status=200 duration_ms=38.89 user=usr_367ea766
GET /api/v1/chat/groups status=200 duration_ms=34.02 user=usr_367ea766
GET /api/v1/chat/groups status=200 duration_ms=8.38 user=usr_367ea766
GET /api/v1/chat/users status=200 duration_ms=16.50 user=usr_367ea766
GET /api/v1/chat/dm/usr_945a2231 status=200 duration_ms=3.50 user=usr_367ea766
GET /api/v1/chat/groups status=200 duration_ms=18.51 user=usr_367ea766
GET /api/v1/chat/work-items status=200 duration_ms=16.32 user=usr_367ea766
GET /api/v1/chat/users status=200 duration_ms=28.30 user=usr_367ea766
GET /api/v1/chat/work-items status=200 duration_ms=5.31 user=usr_367ea766
POST /api/v1/chat/ask-ai status=200 duration_ms=1823.02 user=usr_367ea766
POST /api/v1/chat/dm/usr_945a2231 status=200 duration_ms=16.66 user=usr_367ea766
GET /api/v1/chat/dm/usr_945a2231 status=200 duration_ms=5.95 user=usr_367ea766
GET /api/v1/chat/users status=200 duration_ms=9.16 user=usr_367ea766
GET /api/v1/chat/groups status=200 duration_ms=8.98 user=usr_367ea766
GET /api/v1/chat/groups status=200 duration_ms=3.86 user=usr_367ea766
GET /api/v1/chat/users status=200 duration_ms=8.00 user=usr_367ea766
GET /api/v1/chat/groups status=200 duration_ms=4.63 user=usr_367ea766
GET /api/v1/chat/users status=200 duration_ms=9.21 user=usr_367ea766
GET /api/v1/chat/groups status=200 duration_ms=4.24 user=usr_367ea766
GET /api/v1/chat/users status=200 duration_ms=8.51 user=usr_367ea766
GET /api/v1/chat/groups status=200 duration_ms=11.91 user=usr_367ea766
GET /api/v1/chat/users status=200 duration_ms=17.92 user=usr_367ea766
GET /api/v1/chat/work-items status=200 duration_ms=18.28 user=usr_367ea766
GET /api/v1/chat/work-items status=200 duration_ms=14.38 user=usr_367ea766
GET /api/v1/chat/users status=200 duration_ms=14.26 user=usr_367ea766
GET /api/v1/chat/groups status=200 duration_ms=9.64 user=usr_367ea766
POST /api/v1/chat/suggest-time-slots status=404 duration_ms=5.75 user=usr_367ea766
POST /api/v1/chat/suggest-time-slots status=404 duration_ms=3.86 user=usr_367ea766
POST /api/v1/chat/ask-ai status=200 duration_ms=1655.70 user=usr_367ea766
POST /api/v1/chat/dm/usr_945a2231 status=200 duration_ms=7.88 user=usr_367ea766
GET /api/v1/chat/dm/usr_945a2231 status=200 duration_ms=2.50 user=usr_367ea766
GET /api/v1/chat/users status=200 duration_ms=14.98 user=usr_367ea766
GET /api/v1/chat/groups status=200 duration_ms=14.53 user=usr_367ea766
GET /api/v1/chat/dm/usr_945a2231 status=200 duration_ms=9.04 user=usr_367ea766
GET /api/v1/chat/users status=200 duration_ms=8.19 user=usr_367ea766
GET /api/v1/chat/groups status=200 duration_ms=7.75 user=usr_367ea766
GET /api/v1/chat/groups status=200 duration_ms=4.25 user=usr_367ea766
GET /api/v1/chat/users status=200 duration_ms=9.40 user=usr_367ea766
GET /api/v1/chat/dm/usr_945a2231 status=200 duration_ms=4.20 user=usr_367ea766
GET /api/v1/chat/work-items status=200 duration_ms=9.77 user=usr_367ea766
GET /api/v1/chat/users status=200 duration_ms=11.49 user=usr_367ea766
GET /api/v1/chat/groups status=200 duration_ms=11.47 user=usr_367ea766
GET /api/v1/chat/work-items status=200 duration_ms=3.01 user=usr_367ea766
POST /api/v1/chat/suggest-time-slots status=404 duration_ms=1.45 user=usr_367ea766
POST /api/v1/chat/suggest-time-slots status=404 duration_ms=1.68 user=usr_367ea766
POST /api/v1/chat/suggest-time-slots status=404 duration_ms=0.45 user=usr_367ea766
POST /api/v1/chat/suggest-time-slots status=404 duration_ms=0.58 user=usr_367ea766
POST /api/v1/chat/suggest-time-slots status=404 duration_ms=0.74 user=usr_367ea766
POST /api/v1/chat/suggest-time-slots status=404 duration_ms=0.93 user=usr_367ea766
POST /api/v1/chat/suggest-time-slots status=404 duration_ms=0.70 user=usr_367ea766
POST /api/v1/chat/suggest-time-slots status=404 duration_ms=0.77 user=usr_367ea766
POST /api/v1/chat/suggest-time-slots status=404 duration_ms=0.64 user=usr_367ea766
POST /api/v1/chat/suggest-time-slots status=404 duration_ms=0.64 user=usr_367ea766
POST /api/v1/chat/suggest-time-slots status=404 duration_ms=0.64 user=usr_367ea766
POST /api/v1/chat/suggest-time-slots status=404 duration_ms=0.47 user=usr_367ea766
POST /api/v1/chat/suggest-time-slots status=404 duration_ms=0.60 user=usr_367ea766
POST /api/v1/chat/suggest-time-slots status=404 duration_ms=0.80 user=usr_367ea766
POST /api/v1/chat/suggest-time-slots status=404 duration_ms=0.74 user=usr_367ea766
POST /api/v1/chat/suggest-time-slots status=404 duration_ms=0.73 user=usr_367ea766
POST /api/v1/chat/suggest-time-slots status=404 duration_ms=0.66 user=usr_367ea766
POST /api/v1/chat/suggest-time-slots status=404 duration_ms=0.82 user=usr_367ea766
POST /api/v1/chat/suggest-time-slots status=404 duration_ms=0.72 user=usr_367ea766
POST /api/v1/chat/suggest-time-slots status=404 duration_ms=0.52 user=usr_367ea766
POST /api/v1/chat/suggest-time-slots status=404 duration_ms=0.80 user=usr_367ea766
POST /api/v1/chat/suggest-time-slots status=404 duration_ms=0.67 user=usr_367ea766
POST /api/v1/chat/suggest-time-slots status=404 duration_ms=0.44 user=usr_367ea766
POST /api/v1/chat/suggest-time-slots status=404 duration_ms=1.34 user=usr_367ea766
POST /api/v1/chat/suggest-time-slots status=404 duration_ms=1.53 user=usr_367ea766
POST /api/v1/chat/suggest-time-slots status=404 duration_ms=1.58 user=usr_367ea766
POST /api/v1/chat/suggest-time-slots status=404 duration_ms=0.81 user=usr_367ea766
POST /api/v1/chat/suggest-time-slots status=404 duration_ms=1.42 user=usr_367ea766
POST /api/v1/chat/suggest-time-slots status=404 duration_ms=1.58 user=usr_367ea766
POST /api/v1/chat/suggest-time-slots status=404 duration_ms=1.35 user=usr_367ea766
POST /api/v1/chat/suggest-time-slots status=404 duration_ms=1.43 user=usr_367ea766
POST /api/v1/chat/suggest-time-slots status=404 duration_ms=1.23 user=usr_367ea766
POST /api/v1/chat/suggest-time-slots status=404 duration_ms=1.39 user=usr_367ea766
POST /api/v1/chat/suggest-time-slots status=404 duration_ms=0.88 user=usr_367ea766
POST /api/v1/chat/suggest-time-slots status=404 duration_ms=0.63 user=usr_367ea766
POST /api/v1/chat/suggest-time-slots status=404 duration_ms=0.82 user=usr_367ea766
GET /api/v1/chat/work-items status=200 duration_ms=16.54 user=usr_367ea766
GET /api/v1/chat/users status=200 duration_ms=16.00 user=usr_367ea766
GET /api/v1/chat/groups status=200 duration_ms=13.86 user=usr_367ea766
GET /api/v1/chat/groups status=200 duration_ms=5.25 user=usr_367ea766
GET /api/v1/chat/users status=200 duration_ms=9.94 user=usr_367ea766
GET /api/v1/chat/work-items status=200 duration_ms=12.70 user=usr_367ea766
GET /api/v1/chat/work-items status=200 duration_ms=18.02 user=usr_367ea766
GET /api/v1/chat/groups status=200 duration_ms=15.21 user=usr_367ea766
GET /api/v1/chat/groups status=200 duration_ms=18.73 user=usr_367ea766
GET /api/v1/chat/users status=200 duration_ms=22.17 user=usr_367ea766
GET /api/v1/chat/work-items status=200 duration_ms=18.60 user=usr_367ea766
GET /api/v1/chat/users status=200 duration_ms=18.82 user=usr_367ea766
GET /api/v1/chat/groups status=200 duration_ms=3.48 user=usr_367ea766
GET /api/v1/chat/users status=200 duration_ms=11.40 user=usr_367ea766
GET /api/v1/chat/groups status=200 duration_ms=11.10 user=usr_367ea766
GET /api/v1/chat/users status=200 duration_ms=14.79 user=usr_367ea766
GET /api/v1/chat/groups status=200 duration_ms=11.60 user=usr_367ea766
GET /api/v1/chat/users status=200 duration_ms=12.14 user=usr_367ea766
GET /api/v1/chat/groups status=200 duration_ms=3.77 user=usr_367ea766
GET /api/v1/chat/users status=200 duration_ms=9.66 user=usr_367ea766
GET /api/v1/chat/groups status=200 duration_ms=3.75 user=usr_367ea766
GET /api/v1/chat/users status=200 duration_ms=7.23 user=usr_367ea766
GET /api/v1/chat/groups status=200 duration_ms=9.39 user=usr_367ea766
GET /api/v1/chat/users status=200 duration_ms=10.70 user=usr_367ea766
GET /api/v1/chat/groups status=200 duration_ms=17.68 user=usr_367ea766
GET /api/v1/chat/dm/usr_945a2231 status=200 duration_ms=27.36 user=usr_367ea766
GET /api/v1/chat/groups status=200 duration_ms=21.39 user=usr_367ea766
GET /api/v1/chat/dm/usr_945a2231 status=200 duration_ms=20.59 user=usr_367ea766
GET /api/v1/chat/users status=200 duration_ms=23.05 user=usr_367ea766
GET /api/v1/chat/users status=200 duration_ms=31.83 user=usr_367ea766
GET /api/v1/chat/users status=200 duration_ms=3.80 user=usr_367ea766
GET /api/v1/chat/groups status=200 duration_ms=2.40 user=usr_367ea766
GET /api/v1/chat/dm/usr_945a2231 status=200 duration_ms=9.20 user=usr_367ea766
GET /api/v1/chat/users status=200 duration_ms=9.32 user=usr_367ea766
GET /api/v1/chat/groups status=200 duration_ms=8.51 user=usr_367ea766
GET /api/v1/chat/groups status=200 duration_ms=5.15 user=usr_367ea766
GET /api/v1/chat/users status=200 duration_ms=11.30 user=usr_367ea766
GET /api/v1/chat/dm/usr_945a2231 status=200 duration_ms=5.79 user=usr_367ea766
GET /api/v1/chat/groups status=200 duration_ms=7.22 user=usr_367ea766
GET /api/v1/chat/users status=200 duration_ms=11.73 user=usr_367ea766
GET /api/v1/chat/dm/usr_945a2231 status=200 duration_ms=8.85 user=usr_367ea766
GET /api/v1/chat/groups status=200 duration_ms=4.77 user=usr_367ea766
GET /api/v1/chat/users status=200 duration_ms=9.32 user=usr_367ea766
GET /api/v1/chat/users status=200 duration_ms=7.36 user=usr_367ea766
GET /api/v1/chat/groups status=200 duration_ms=6.30 user=usr_367ea766
GET /api/v1/chat/dm/usr_945a2231 status=200 duration_ms=5.48 user=usr_367ea766
GET /api/v1/chat/groups status=200 duration_ms=10.28 user=usr_367ea766
GET /api/v1/chat/users status=200 duration_ms=15.55 user=usr_367ea766
GET /api/v1/chat/work-items status=200 duration_ms=14.48 user=usr_367ea766
GET /api/v1/chat/work-items status=200 duration_ms=4.49 user=usr_367ea766
GET /api/v1/workflow/items status=200 duration_ms=13.04 user=usr_367ea766
GET /api/v1/workflow/items status=200 duration_ms=10.83 user=usr_367ea766
GET /api/v1/chat/groups status=200 duration_ms=6.00 user=usr_367ea766
GET /api/v1/chat/users status=200 duration_ms=9.82 user=usr_367ea766
GET /api/v1/chat/dm/usr_945a2231 status=200 duration_ms=4.99 user=usr_367ea766
GET /api/v1/chat/work-items status=200 duration_ms=10.31 user=usr_367ea766
GET /api/v1/chat/users status=200 duration_ms=9.58 user=usr_367ea766
GET /api/v1/chat/groups status=200 duration_ms=6.07 user=usr_367ea766
GET /api/v1/chat/work-items status=200 duration_ms=5.14 user=usr_367ea766
POST /api/v1/chat/ask-ai status=200 duration_ms=4634.72 user=usr_367ea766
POST /api/v1/chat/dm/usr_945a2231 status=200 duration_ms=7.84 user=usr_367ea766
POST /api/v1/chat/suggest-time-slots status=404 duration_ms=1.03 user=usr_367ea766
POST /api/v1/chat/suggest-time-slots status=404 duration_ms=0.97 user=usr_367ea766
GET /api/v1/chat/dm/usr_945a2231 status=200 duration_ms=4.68 user=usr_367ea766
GET /api/v1/chat/work-items status=200 duration_ms=10.55 user=usr_367ea766
GET /api/v1/chat/users status=200 duration_ms=10.34 user=usr_367ea766
GET /api/v1/chat/groups status=200 duration_ms=7.55 user=usr_367ea766
GET /api/v1/chat/groups status=200 duration_ms=14.27 user=usr_367ea766
GET /api/v1/chat/work-items status=200 duration_ms=19.87 user=usr_367ea766
GET /api/v1/chat/users status=200 duration_ms=18.36 user=usr_367ea766
GET /api/v1/chat/groups status=200 duration_ms=4.78 user=usr_367ea766
GET /api/v1/chat/users status=200 duration_ms=9.31 user=usr_367ea766
GET /api/v1/chat/dm/usr_945a2231 status=200 duration_ms=3.89 user=usr_367ea766
GET /api/v1/chat/groups status=200 duration_ms=5.27 user=usr_367ea766
GET /api/v1/chat/work-items status=200 duration_ms=15.87 user=usr_367ea766
GET /api/v1/chat/users status=200 duration_ms=13.65 user=usr_367ea766
GET /api/v1/chat/work-items status=200 duration_ms=3.46 user=usr_367ea766
GET /api/v1/chat/groups status=200 duration_ms=3.87 user=usr_367ea766
GET /api/v1/chat/users status=200 duration_ms=9.36 user=usr_367ea766
GET /api/v1/chat/groups status=200 duration_ms=4.60 user=usr_367ea766
GET /api/v1/chat/users status=200 duration_ms=9.55 user=usr_367ea766
GET /api/v1/chat/users status=200 duration_ms=9.50 user=usr_367ea766
GET /api/v1/chat/groups status=200 duration_ms=6.07 user=usr_367ea766
GET /api/v1/chat/dm/usr_945a2231 status=200 duration_ms=2.90 user=usr_367ea766
GET /api/v1/chat/work-items status=200 duration_ms=8.76 user=usr_367ea766
GET /api/v1/chat/users status=200 duration_ms=7.56 user=usr_367ea766
GET /api/v1/chat/groups status=200 duration_ms=5.37 user=usr_367ea766
GET /api/v1/chat/work-items status=200 duration_ms=3.09 user=usr_367ea766
GET /api/v1/chat/users status=200 duration_ms=8.66 user=usr_367ea766
GET /api/v1/chat/groups status=200 duration_ms=4.45 user=usr_367ea766
GET /api/v1/chat/dm/usr_945a2231 status=200 duration_ms=2.97 user=usr_367ea766
GET /api/v1/chat/users status=200 duration_ms=3.83 user=usr_367ea766
GET /api/v1/chat/groups status=200 duration_ms=2.19 user=usr_367ea766
GET /api/v1/chat/dm/usr_945a2231 status=200 duration_ms=2.84 user=usr_367ea766
GET /api/v1/chat/work-items status=200 duration_ms=9.26 user=usr_367ea766
GET /api/v1/chat/users status=200 duration_ms=9.79 user=usr_367ea766
GET /api/v1/chat/groups status=200 duration_ms=9.40 user=usr_367ea766
GET /api/v1/chat/work-items status=200 duration_ms=5.46 user=usr_367ea766
GET /api/v1/chat/dm/usr_945a2231 status=200 duration_ms=2.23 user=usr_367ea766
POST /api/v1/auth/login status=200 duration_ms=251.08 user=anonymous
GET /api/v1/chat/users status=200 duration_ms=25.16 user=usr_367ea766
GET /api/v1/chat/groups status=200 duration_ms=20.03 user=usr_367ea766
GET /api/v1/chat/dm/usr_945a2231 status=200 duration_ms=4.13 user=usr_367ea766
GET /api/v1/chat/users status=200 duration_ms=10.41 user=usr_367ea766
GET /api/v1/chat/work-items status=200 duration_ms=14.79 user=usr_367ea766
GET /api/v1/chat/groups status=200 duration_ms=9.85 user=usr_367ea766
GET /api/v1/chat/work-items status=200 duration_ms=3.17 user=usr_367ea766
GET /api/v1/chat/users status=200 duration_ms=25.98 user=usr_367ea766
GET /api/v1/chat/groups status=200 duration_ms=26.75 user=usr_367ea766
GET /api/v1/chat/groups status=200 duration_ms=11.75 user=usr_367ea766
GET /api/v1/chat/users status=200 duration_ms=11.14 user=usr_367ea766
GET /api/v1/chat/dm/usr_945a2231 status=200 duration_ms=8.87 user=usr_367ea766
GET /api/v1/chat/dm/usr_945a2231 status=200 duration_ms=3.20 user=usr_367ea766
GET /api/v1/chat/work-items status=200 duration_ms=6.84 user=usr_367ea766
GET /api/v1/chat/users status=200 duration_ms=12.59 user=usr_367ea766
GET /api/v1/chat/groups status=200 duration_ms=17.08 user=usr_367ea766
GET /api/v1/chat/work-items status=200 duration_ms=7.61 user=usr_367ea766
GET /api/v1/chat/work-items status=200 duration_ms=15.43 user=usr_367ea766
GET /api/v1/chat/groups status=200 duration_ms=6.03 user=usr_367ea766
GET /api/v1/chat/users status=200 duration_ms=16.41 user=usr_367ea766
GET /api/v1/chat/work-items status=200 duration_ms=3.94 user=usr_367ea766
GET /api/v1/chat/users status=200 duration_ms=5.50 user=usr_367ea766
GET /api/v1/chat/groups status=200 duration_ms=12.14 user=usr_367ea766
GET /api/v1/chat/groups status=200 duration_ms=10.69 user=usr_367ea766
GET /api/v1/chat/users status=200 duration_ms=10.02 user=usr_367ea766
GET /api/v1/chat/work-items status=200 duration_ms=1.66 user=usr_367ea766
GET /api/v1/chat/groups status=200 duration_ms=4.72 user=usr_367ea766
GET /api/v1/chat/users status=200 duration_ms=18.58 user=usr_367ea766
GET /api/v1/chat/users status=200 duration_ms=9.12 user=usr_367ea766
GET /api/v1/chat/groups status=200 duration_ms=8.45 user=usr_367ea766
GET /api/v1/chat/dm/usr_945a2231 status=200 duration_ms=22.14 user=usr_367ea766
GET /api/v1/chat/groups status=200 duration_ms=7.04 user=usr_367ea766
GET /api/v1/chat/users status=200 duration_ms=11.66 user=usr_367ea766
GET /api/v1/chat/dm/usr_945a2231 status=200 duration_ms=5.50 user=usr_367ea766
GET /api/v1/chat/groups status=200 duration_ms=6.18 user=usr_367ea766
GET /api/v1/chat/users status=200 duration_ms=11.61 user=usr_367ea766
GET /api/v1/chat/work-items status=200 duration_ms=5.61 user=usr_367ea766
GET /api/v1/chat/work-items status=200 duration_ms=4.89 user=usr_367ea766
GET /api/v1/chat/work-items status=200 duration_ms=3.45 user=usr_367ea766
GET /api/v1/chat/work-items status=200 duration_ms=4.66 user=usr_367ea766
GET /api/v1/chat/users status=200 duration_ms=6.02 user=usr_367ea766
GET /api/v1/chat/groups status=200 duration_ms=6.42 user=usr_367ea766
GET /api/v1/chat/dm/usr_945a2231 status=200 duration_ms=3.84 user=usr_367ea766
GET /api/v1/chat/groups status=200 duration_ms=3.03 user=usr_367ea766
GET /api/v1/chat/users status=200 duration_ms=8.20 user=usr_367ea766
GET /api/v1/chat/work-items status=200 duration_ms=11.77 user=usr_367ea766
GET /api/v1/chat/work-items status=200 duration_ms=5.91 user=usr_367ea766
DELETE /api/v1/chat/dm/usr_945a2231/messages/msg_1ed4fead status=404 duration_ms=0.63 user=usr_367ea766
DELETE /api/v1/chat/dm/usr_945a2231/messages/msg_88e831fd status=404 duration_ms=0.28 user=usr_367ea766
GET /api/v1/chat/users status=200 duration_ms=6.57 user=usr_367ea766
GET /api/v1/chat/groups status=200 duration_ms=6.63 user=usr_367ea766
GET /api/v1/chat/dm/usr_945a2231 status=200 duration_ms=8.62 user=usr_367ea766
GET /api/v1/chat/groups status=200 duration_ms=3.23 user=usr_367ea766
GET /api/v1/chat/users status=200 duration_ms=8.85 user=usr_367ea766
GET /api/v1/chat/dm/usr_945a2231 status=200 duration_ms=9.22 user=usr_367ea766
GET /api/v1/chat/groups status=200 duration_ms=6.99 user=usr_367ea766
GET /api/v1/chat/work-items status=200 duration_ms=16.70 user=usr_367ea766
GET /api/v1/chat/users status=200 duration_ms=18.28 user=usr_367ea766
GET /api/v1/chat/work-items status=200 duration_ms=6.17 user=usr_367ea766
DELETE /api/v1/chat/dm/usr_945a2231/messages/msg_88e831fd status=404 duration_ms=0.62 user=usr_367ea766
DELETE /api/v1/chat/dm/usr_945a2231/messages/msg_88e831fd status=404 duration_ms=0.86 user=usr_367ea766
POST /api/v1/auth/login status=401 duration_ms=471.74 user=anonymous
GET /api/v1/chat/groups status=200 duration_ms=2.06 user=usr_367ea766
GET /api/v1/chat/users status=200 duration_ms=3.67 user=usr_367ea766
GET /api/v1/chat/work-items status=200 duration_ms=13.04 user=usr_367ea766
GET /api/v1/chat/users status=200 duration_ms=12.87 user=usr_367ea766
GET /api/v1/chat/work-items status=200 duration_ms=3.89 user=usr_367ea766
GET /api/v1/chat/groups status=200 duration_ms=3.73 user=usr_367ea766
GET /api/v1/chat/users status=200 duration_ms=2.90 user=usr_367ea766
GET /api/v1/chat/work-items status=200 duration_ms=6.41 user=usr_367ea766
GET /api/v1/chat/groups status=200 duration_ms=2.51 user=usr_367ea766
GET /api/v1/chat/users status=200 duration_ms=3.23 user=usr_367ea766
GET /api/v1/chat/groups status=200 duration_ms=3.08 user=usr_367ea766
GET /api/v1/chat/users status=200 duration_ms=4.87 user=usr_367ea766
GET /api/v1/chat/groups status=200 duration_ms=4.45 user=usr_367ea766
GET /api/v1/chat/dm/usr_945a2231 status=200 duration_ms=7.03 user=usr_367ea766
GET /api/v1/chat/users status=200 duration_ms=4.03 user=usr_367ea766
GET /api/v1/chat/groups status=200 duration_ms=2.49 user=usr_367ea766
GET /api/v1/chat/dm/usr_945a2231 status=200 duration_ms=3.45 user=usr_367ea766
GET /api/v1/chat/work-items status=200 duration_ms=12.29 user=usr_367ea766
GET /api/v1/chat/groups status=200 duration_ms=9.94 user=usr_367ea766
GET /api/v1/chat/users status=200 duration_ms=10.40 user=usr_367ea766
GET /api/v1/chat/work-items status=200 duration_ms=4.32 user=usr_367ea766
DELETE /api/v1/chat/dm/usr_945a2231/messages/msg_7cc2dc77 status=404 duration_ms=0.48 user=usr_367ea766
GET /api/v1/chat/groups status=200 duration_ms=8.50 user=usr_367ea766
GET /api/v1/chat/users status=200 duration_ms=9.70 user=usr_367ea766
GET /api/v1/chat/dm/usr_945a2231 status=200 duration_ms=5.49 user=usr_367ea766
GET /api/v1/chat/users status=200 duration_ms=4.84 user=usr_367ea766
GET /api/v1/chat/groups status=200 duration_ms=3.40 user=usr_367ea766
GET /api/v1/chat/dm/usr_945a2231 status=200 duration_ms=3.37 user=usr_367ea766
GET /api/v1/chat/work-items status=200 duration_ms=6.64 user=usr_367ea766
GET /api/v1/chat/groups status=200 duration_ms=13.39 user=usr_367ea766
GET /api/v1/chat/users status=200 duration_ms=11.00 user=usr_367ea766
GET /api/v1/chat/work-items status=200 duration_ms=7.69 user=usr_367ea766
POST /api/v1/auth/login status=200 duration_ms=295.17 user=anonymous
GET /api/v1/chat/groups status=200 duration_ms=3.03 user=usr_367ea766
GET /api/v1/chat/users status=200 duration_ms=10.62 user=usr_367ea766
GET /api/v1/chat/dm/usr_945a2231 status=200 duration_ms=4.36 user=usr_367ea766
GET /api/v1/chat/work-items status=200 duration_ms=11.48 user=usr_367ea766
GET /api/v1/chat/groups status=200 duration_ms=6.00 user=usr_367ea766
GET /api/v1/chat/users status=200 duration_ms=13.80 user=usr_367ea766
GET /api/v1/chat/work-items status=200 duration_ms=4.68 user=usr_367ea766
DELETE /api/v1/chat/dm/usr_945a2231/messages/msg_7cc2dc77 status=404 duration_ms=0.59 user=usr_367ea766
DELETE /api/v1/chat/dm/usr_945a2231/messages/msg_88e831fd status=404 duration_ms=0.53 user=usr_367ea766
GET /api/v1/chat/groups status=200 duration_ms=1.82 user=usr_367ea766
GET /api/v1/chat/groups status=200 duration_ms=1.46 user=usr_367ea766
GET /api/v1/chat/groups status=200 duration_ms=1.37 user=usr_367ea766
GET /api/v1/chat/dm/usr_945a2231 status=200 duration_ms=1.96 user=usr_367ea766
POST /api/v1/chat/dm/usr_945a2231 status=200 duration_ms=8.80 user=usr_367ea766
GET /api/v1/chat/dm/usr_945a2231 status=200 duration_ms=2.32 user=usr_367ea766
POST /api/v1/chat/extract-tasks status=200 duration_ms=3581.26 user=usr_367ea766
POST /api/v1/chat/ask-ai status=200 duration_ms=1720.24 user=usr_367ea766
POST /api/v1/chat/dm/usr_945a2231 status=200 duration_ms=10.58 user=usr_367ea766
POST /api/v1/chat/suggest-time-slots status=404 duration_ms=0.66 user=usr_367ea766
POST /api/v1/chat/suggest-time-slots status=404 duration_ms=0.79 user=usr_367ea766
GET /api/v1/chat/dm/usr_945a2231 status=200 duration_ms=2.61 user=usr_367ea766
POST /api/v1/chat/ask-ai status=200 duration_ms=5655.32 user=usr_367ea766
POST /api/v1/chat/dm/usr_945a2231 status=200 duration_ms=6.68 user=usr_367ea766
GET /api/v1/chat/dm/usr_945a2231 status=200 duration_ms=3.31 user=usr_367ea766
POST /api/v1/chat/ask-ai status=200 duration_ms=10737.40 user=usr_367ea766
POST /api/v1/chat/dm/usr_945a2231 status=200 duration_ms=9.42 user=usr_367ea766
GET /api/v1/chat/dm/usr_945a2231 status=200 duration_ms=2.37 user=usr_367ea766
POST /api/v1/chat/extract-tasks status=200 duration_ms=2168.30 user=usr_367ea766
POST /api/v1/chat/suggest-time-slots status=404 duration_ms=0.53 user=usr_367ea766
POST /api/v1/chat/suggest-time-slots status=404 duration_ms=0.44 user=usr_367ea766
POST /api/v1/chat/apply-task-action status=200 duration_ms=23.51 user=usr_367ea766
GET /api/v1/chat/work-items status=200 duration_ms=5.37 user=usr_367ea766
GET /api/v1/workflow/items status=200 duration_ms=4.42 user=usr_367ea766
GET /api/v1/workflow/logs status=200 duration_ms=17.23 user=usr_367ea766
GET /api/v1/workflow/items status=200 duration_ms=15.15 user=usr_367ea766
GET /api/v1/workflow/logs status=200 duration_ms=15.83 user=usr_367ea766
GET /api/v1/workflow/items status=200 duration_ms=3.55 user=usr_367ea766
GET /api/v1/workflow/logs status=200 duration_ms=6.87 user=usr_367ea766
GET /api/v1/workflow/items status=200 duration_ms=7.39 user=usr_367ea766
GET /api/v1/workflow/logs status=200 duration_ms=8.12 user=usr_367ea766
GET /api/v1/chat/groups status=200 duration_ms=9.16 user=usr_367ea766
GET /api/v1/chat/users status=200 duration_ms=5.61 user=usr_367ea766
GET /api/v1/chat/dm/usr_945a2231 status=200 duration_ms=4.74 user=usr_367ea766
GET /api/v1/chat/work-items status=200 duration_ms=3.88 user=usr_367ea766
GET /api/v1/chat/users status=200 duration_ms=3.94 user=usr_367ea766
GET /api/v1/chat/work-items status=200 duration_ms=7.86 user=usr_367ea766
GET /api/v1/chat/groups status=200 duration_ms=5.67 user=usr_367ea766
POST /api/v1/calendar/fetch-ics status=200 duration_ms=794.74 user=usr_367ea766
POST /api/v1/chat/ask-ai status=200 duration_ms=2373.18 user=usr_367ea766
POST /api/v1/chat/dm/usr_945a2231 status=200 duration_ms=9.67 user=usr_367ea766
GET /api/v1/chat/dm/usr_945a2231 status=200 duration_ms=2.27 user=usr_367ea766
POST /api/v1/chat/extract-tasks status=200 duration_ms=3148.31 user=usr_367ea766
POST /api/v1/chat/suggest-time-slots status=404 duration_ms=0.56 user=usr_367ea766
POST /api/v1/chat/suggest-time-slots status=404 duration_ms=0.42 user=usr_367ea766
POST /api/v1/chat/suggest-time-slots status=404 duration_ms=0.51 user=usr_367ea766
POST /api/v1/chat/suggest-time-slots status=404 duration_ms=1.02 user=usr_367ea766
POST /api/v1/chat/apply-task-action status=200 duration_ms=16.79 user=usr_367ea766
POST /api/v1/chat/suggest-time-slots status=404 duration_ms=0.72 user=usr_367ea766
POST /api/v1/chat/suggest-time-slots status=404 duration_ms=0.70 user=usr_367ea766
GET /api/v1/chat/work-items status=200 duration_ms=7.05 user=usr_367ea766
POST /api/v1/chat/apply-task-action status=200 duration_ms=16.34 user=usr_367ea766
GET /api/v1/chat/work-items status=200 duration_ms=2.68 user=usr_367ea766
GET /api/v1/workflow/items status=200 duration_ms=20.34 user=usr_367ea766
GET /api/v1/workflow/logs status=200 duration_ms=19.07 user=usr_367ea766
GET /api/v1/workflow/items status=200 duration_ms=16.26 user=usr_367ea766
GET /api/v1/workflow/logs status=200 duration_ms=20.38 user=usr_367ea766
GET /api/v1/chat/users status=200 duration_ms=5.17 user=usr_367ea766
GET /api/v1/chat/groups status=200 duration_ms=2.84 user=usr_367ea766
GET /api/v1/chat/dm/usr_945a2231 status=200 duration_ms=22.26 user=usr_367ea766
GET /api/v1/chat/work-items status=200 duration_ms=18.46 user=usr_367ea766
GET /api/v1/chat/users status=200 duration_ms=11.83 user=usr_367ea766
GET /api/v1/chat/groups status=200 duration_ms=3.76 user=usr_367ea766
GET /api/v1/chat/work-items status=200 duration_ms=4.96 user=usr_367ea766
DELETE /api/v1/chat/dm/usr_945a2231/messages/msg_7cc2dc77 status=404 duration_ms=0.65 user=usr_367ea766
DELETE /api/v1/chat/dm/usr_945a2231/messages/msg_7cc2dc77 status=404 duration_ms=0.64 user=usr_367ea766
DELETE /api/v1/chat/dm/usr_945a2231/messages/msg_7987d250 status=404 duration_ms=0.33 user=usr_367ea766
GET /api/v1/chat/groups status=200 duration_ms=1.88 user=usr_367ea766
GET /api/v1/chat/groups status=200 duration_ms=2.27 user=usr_367ea766
GET /api/v1/chat/groups status=200 duration_ms=2.01 user=usr_367ea766
GET /api/v1/chat/groups status=200 duration_ms=2.75 user=usr_367ea766
GET /api/v1/chat/users status=200 duration_ms=4.61 user=usr_367ea766
GET /api/v1/chat/work-items status=200 duration_ms=3.23 user=usr_367ea766
GET /api/v1/chat/work-items status=200 duration_ms=4.88 user=usr_367ea766
GET /api/v1/chat/users status=200 duration_ms=2.95 user=usr_367ea766
GET /api/v1/chat/groups status=200 duration_ms=2.31 user=usr_367ea766
GET /api/v1/chat/work-items status=200 duration_ms=5.26 user=usr_367ea766
GET /api/v1/chat/users status=200 duration_ms=9.67 user=usr_367ea766
GET /api/v1/chat/groups status=200 duration_ms=2.98 user=usr_367ea766
GET /api/v1/chat/work-items status=200 duration_ms=4.12 user=usr_367ea766
GET /api/v1/chat/users status=200 duration_ms=3.25 user=usr_367ea766
GET /api/v1/chat/groups status=200 duration_ms=2.24 user=usr_367ea766
GET /api/v1/chat/users status=200 duration_ms=2.75 user=usr_367ea766
GET /api/v1/chat/groups status=200 duration_ms=2.60 user=usr_367ea766
GET /api/v1/chat/users status=200 duration_ms=4.84 user=usr_367ea766
GET /api/v1/chat/groups status=200 duration_ms=4.96 user=usr_367ea766
GET /api/v1/chat/groups status=200 duration_ms=2.81 user=usr_367ea766
GET /api/v1/chat/users status=200 duration_ms=3.84 user=usr_367ea766
GET /api/v1/chat/users status=200 duration_ms=25.37 user=usr_367ea766
GET /api/v1/chat/groups status=200 duration_ms=2.74 user=usr_367ea766
GET /api/v1/chat/users status=200 duration_ms=2.99 user=usr_367ea766
GET /api/v1/chat/groups status=200 duration_ms=2.84 user=usr_367ea766
GET /api/v1/chat/users status=200 duration_ms=3.83 user=usr_367ea766
GET /api/v1/chat/groups status=200 duration_ms=2.93 user=usr_367ea766
GET /api/v1/chat/users status=200 duration_ms=5.36 user=usr_367ea766
GET /api/v1/chat/groups status=200 duration_ms=2.51 user=usr_367ea766
GET /api/v1/chat/users status=200 duration_ms=22.17 user=usr_367ea766
GET /api/v1/chat/groups status=200 duration_ms=21.31 user=usr_367ea766
GET /api/v1/chat/dm/usr_945a2231 status=200 duration_ms=26.96 user=usr_367ea766
GET /api/v1/chat/users status=200 duration_ms=31.52 user=usr_367ea766
GET /api/v1/chat/groups status=200 duration_ms=25.07 user=usr_367ea766
POST /api/v1/auth/login status=200 duration_ms=349.98 user=anonymous
GET /api/v1/chat/groups status=200 duration_ms=4.97 user=usr_367ea766
GET /api/v1/chat/users status=200 duration_ms=9.31 user=usr_367ea766
GET /api/v1/chat/dm/usr_945a2231 status=200 duration_ms=6.87 user=usr_367ea766
GET /api/v1/chat/groups status=200 duration_ms=19.37 user=usr_367ea766
GET /api/v1/chat/users status=200 duration_ms=29.04 user=usr_367ea766
GET /api/v1/chat/work-items status=200 duration_ms=22.82 user=usr_367ea766
GET /api/v1/chat/work-items status=200 duration_ms=4.03 user=usr_367ea766
POST /api/v1/chat/extract-tasks status=200 duration_ms=3719.19 user=usr_367ea766
POST /api/v1/chat/suggest-time-slots status=404 duration_ms=0.70 user=usr_367ea766
POST /api/v1/chat/suggest-time-slots status=404 duration_ms=1.04 user=usr_367ea766
POST /api/v1/chat/suggest-time-slots status=404 duration_ms=0.73 user=usr_367ea766
POST /api/v1/chat/suggest-time-slots status=404 duration_ms=0.29 user=usr_367ea766
GET /api/v1/workflow/items status=200 duration_ms=14.58 user=usr_367ea766
GET /api/v1/workflow/logs status=200 duration_ms=11.84 user=usr_367ea766
GET /api/v1/workflow/logs status=200 duration_ms=9.85 user=usr_367ea766
GET /api/v1/workflow/items status=200 duration_ms=12.04 user=usr_367ea766
GET /api/v1/chat/groups status=200 duration_ms=4.79 user=usr_367ea766
GET /api/v1/chat/users status=200 duration_ms=9.37 user=usr_367ea766
GET /api/v1/chat/dm/usr_945a2231 status=200 duration_ms=3.30 user=usr_367ea766
GET /api/v1/chat/users status=200 duration_ms=6.46 user=usr_367ea766
GET /api/v1/chat/work-items status=200 duration_ms=4.73 user=usr_367ea766
GET /api/v1/chat/groups status=200 duration_ms=8.87 user=usr_367ea766
GET /api/v1/chat/work-items status=200 duration_ms=9.65 user=usr_367ea766
GET /api/v1/workflow/items status=200 duration_ms=10.64 user=usr_367ea766
GET /api/v1/workflow/logs status=200 duration_ms=14.84 user=usr_367ea766
GET /api/v1/workflow/logs status=200 duration_ms=7.86 user=usr_367ea766
GET /api/v1/workflow/items status=200 duration_ms=12.83 user=usr_367ea766
GET /api/v1/workflow/items status=200 duration_ms=5.95 user=usr_367ea766
GET /api/v1/workflow/items status=200 duration_ms=10.36 user=usr_367ea766
GET /api/v1/chat/groups status=200 duration_ms=5.25 user=usr_367ea766
GET /api/v1/chat/users status=200 duration_ms=13.87 user=usr_367ea766
GET /api/v1/chat/dm/usr_945a2231 status=200 duration_ms=6.18 user=usr_367ea766
GET /api/v1/chat/work-items status=200 duration_ms=5.40 user=usr_367ea766
GET /api/v1/chat/users status=200 duration_ms=3.43 user=usr_367ea766
GET /api/v1/chat/groups status=200 duration_ms=3.43 user=usr_367ea766
GET /api/v1/chat/work-items status=200 duration_ms=9.86 user=usr_367ea766
DELETE /api/v1/chat/dm/usr_945a2231/messages/msg_7cc2dc77 status=404 duration_ms=0.34 user=usr_367ea766
GET /api/v1/chat/dm/usr_945a2231 status=200 duration_ms=4.43 user=usr_367ea766
DELETE /api/v1/chat/dm/usr_945a2231/messages/msg_7cc2dc77 status=404 duration_ms=0.60 user=usr_367ea766
GET /api/v1/chat/dm/usr_945a2231 status=200 duration_ms=2.20 user=usr_367ea766
DELETE /api/v1/chat/dm/usr_945a2231/messages/msg_7cc2dc77 status=404 duration_ms=0.59 user=usr_367ea766
GET /api/v1/chat/dm/usr_945a2231 status=200 duration_ms=2.06 user=usr_367ea766
DELETE /api/v1/chat/dm/usr_945a2231/messages/msg_d9270b4a status=200 duration_ms=13.29 user=usr_367ea766
GET /api/v1/chat/dm/usr_945a2231 status=200 duration_ms=3.62 user=usr_367ea766
GET /api/v1/chat/work-items status=200 duration_ms=6.83 user=usr_367ea766
GET /api/v1/chat/users status=200 duration_ms=7.50 user=usr_367ea766
GET /api/v1/chat/groups status=200 duration_ms=1.86 user=usr_367ea766
GET /api/v1/chat/users status=200 duration_ms=5.74 user=usr_367ea766
GET /api/v1/chat/work-items status=200 duration_ms=9.62 user=usr_367ea766
GET /api/v1/chat/groups status=200 duration_ms=2.46 user=usr_367ea766
DELETE /api/v1/chat/dm/usr_945a2231/messages/msg_7cc2dc77 status=404 duration_ms=0.28 user=usr_367ea766
GET /api/v1/chat/groups status=200 duration_ms=6.46 user=usr_367ea766
GET /api/v1/chat/users status=200 duration_ms=16.46 user=usr_367ea766
GET /api/v1/chat/dm/usr_945a2231 status=200 duration_ms=3.83 user=usr_367ea766
GET /api/v1/chat/users status=200 duration_ms=2.83 user=usr_367ea766
GET /api/v1/chat/groups status=200 duration_ms=8.55 user=usr_367ea766
POST /api/v1/auth/login status=200 duration_ms=295.40 user=anonymous
GET /api/v1/chat/groups status=200 duration_ms=11.75 user=usr_367ea766
GET /api/v1/chat/users status=200 duration_ms=11.95 user=usr_367ea766
GET /api/v1/chat/dm/usr_945a2231 status=200 duration_ms=7.98 user=usr_367ea766
GET /api/v1/chat/work-items status=200 duration_ms=15.22 user=usr_367ea766
GET /api/v1/chat/groups status=200 duration_ms=7.86 user=usr_367ea766
GET /api/v1/chat/work-items status=200 duration_ms=10.58 user=usr_367ea766
GET /api/v1/chat/users status=200 duration_ms=15.56 user=usr_367ea766
DELETE /api/v1/chat/dm/usr_945a2231/messages/msg_7cc2dc77 status=404 duration_ms=0.59 user=usr_367ea766
DELETE /api/v1/chat/dm/usr_945a2231/messages/msg_7cc2dc77 status=404 duration_ms=0.49 user=usr_367ea766
POST /api/v1/auth/login status=200 duration_ms=256.00 user=anonymous
GET /api/v1/chat/groups status=200 duration_ms=9.87 user=usr_367ea766
GET /api/v1/chat/users status=200 duration_ms=8.82 user=usr_367ea766
GET /api/v1/chat/dm/usr_945a2231 status=200 duration_ms=4.36 user=usr_367ea766
GET /api/v1/chat/work-items status=200 duration_ms=17.87 user=usr_367ea766
GET /api/v1/chat/groups status=200 duration_ms=13.30 user=usr_367ea766
GET /api/v1/chat/users status=200 duration_ms=20.18 user=usr_367ea766
GET /api/v1/chat/work-items status=200 duration_ms=19.15 user=usr_367ea766
DELETE /api/v1/chat/dm/usr_945a2231/messages/msg_7cc2dc77 status=404 duration_ms=0.55 user=usr_367ea766
GET /api/v1/chat/groups status=200 duration_ms=1.67 user=usr_367ea766
DELETE /api/v1/chat/dm/usr_945a2231/messages/msg_1ed4fead status=404 duration_ms=0.50 user=usr_367ea766
DELETE /api/v1/chat/dm/usr_945a2231/messages/msg_7cc2dc77 status=404 duration_ms=0.51 user=usr_367ea766
GET /api/v1/chat/users status=200 duration_ms=4.26 user=usr_367ea766
GET /api/v1/chat/groups status=200 duration_ms=7.14 user=usr_367ea766
GET /api/v1/chat/dm/usr_945a2231 status=200 duration_ms=10.15 user=usr_367ea766
POST /api/v1/auth/login status=200 duration_ms=307.28 user=anonymous
GET /api/v1/chat/users status=200 duration_ms=15.86 user=usr_367ea766
GET /api/v1/chat/groups status=200 duration_ms=11.47 user=usr_367ea766
GET /api/v1/chat/dm/usr_945a2231 status=200 duration_ms=3.82 user=usr_367ea766
GET /api/v1/chat/groups status=200 duration_ms=8.17 user=usr_367ea766
GET /api/v1/chat/work-items status=200 duration_ms=14.31 user=usr_367ea766
GET /api/v1/chat/users status=200 duration_ms=18.66 user=usr_367ea766
GET /api/v1/chat/work-items status=200 duration_ms=15.70 user=usr_367ea766
DELETE /api/v1/chat/dm/usr_945a2231/messages/msg_7cc2dc77 status=404 duration_ms=0.91 user=usr_367ea766
GET /api/v1/chat/users status=200 duration_ms=7.14 user=usr_367ea766
GET /api/v1/chat/groups status=200 duration_ms=2.94 user=usr_367ea766
GET /api/v1/chat/dm/usr_945a2231 status=200 duration_ms=6.32 user=usr_367ea766
GET /api/v1/chat/users status=200 duration_ms=8.22 user=usr_367ea766
GET /api/v1/chat/groups status=200 duration_ms=2.39 user=usr_367ea766
GET /api/v1/chat/dm/usr_945a2231 status=200 duration_ms=8.25 user=usr_367ea766
GET /api/v1/chat/groups status=200 duration_ms=9.53 user=usr_367ea766
GET /api/v1/chat/work-items status=200 duration_ms=21.07 user=usr_367ea766
GET /api/v1/chat/users status=200 duration_ms=5.58 user=usr_367ea766
GET /api/v1/chat/work-items status=200 duration_ms=12.37 user=usr_367ea766
GET /api/v1/chat/groups status=200 duration_ms=1.57 user=usr_367ea766
GET /api/v1/chat/groups status=200 duration_ms=1.41 user=usr_367ea766
GET /api/v1/chat/groups status=200 duration_ms=1.24 user=usr_367ea766
GET /api/v1/chat/groups status=200 duration_ms=2.44 user=usr_367ea766
GET /api/v1/chat/groups status=200 duration_ms=1.80 user=usr_367ea766
DELETE /api/v1/chat/dm/usr_945a2231/messages/msg_1f7a5c8a status=404 duration_ms=0.48 user=usr_367ea766
GET /api/v1/chat/groups status=200 duration_ms=2.02 user=usr_367ea766
GET /api/v1/chat/groups status=200 duration_ms=1.42 user=usr_367ea766
GET /api/v1/chat/groups status=200 duration_ms=2.32 user=usr_367ea766
DELETE /api/v1/chat/dm/usr_945a2231/messages/msg_7cc2dc77 status=200 duration_ms=13.52 user=usr_367ea766
DELETE /api/v1/chat/dm/usr_945a2231/messages/msg_88e831fd status=404 duration_ms=0.59 user=usr_367ea766
GET /openapi.json status=200 duration_ms=183.52 user=anonymous
GET /openapi.json status=200 duration_ms=1.50 user=anonymous
GET /api/v1/chat/users status=200 duration_ms=5.63 user=usr_367ea766
GET /api/v1/chat/groups status=200 duration_ms=2.41 user=usr_367ea766
GET /api/v1/chat/work-items status=200 duration_ms=3.59 user=usr_367ea766
GET /api/v1/chat/work-items status=200 duration_ms=3.96 user=usr_367ea766
GET /api/v1/chat/users status=200 duration_ms=3.58 user=usr_367ea766
GET /api/v1/chat/groups status=200 duration_ms=1.57 user=usr_367ea766
GET /openapi.json status=200 duration_ms=0.79 user=anonymous
GET /api/v1/chat/users status=200 duration_ms=2.74 user=usr_367ea766
GET /api/v1/chat/groups status=200 duration_ms=2.91 user=usr_367ea766
GET /openapi.json status=200 duration_ms=203.61 user=anonymous
GET /api/v1/chat/users status=200 duration_ms=11.18 user=usr_367ea766
GET /api/v1/chat/groups status=200 duration_ms=5.79 user=usr_367ea766
GET /api/v1/chat/dm/usr_945a2231 status=200 duration_ms=4.58 user=usr_367ea766
GET /api/v1/chat/users status=200 duration_ms=5.72 user=usr_367ea766
GET /api/v1/chat/groups status=200 duration_ms=2.17 user=usr_367ea766
GET /api/v1/chat/dm/usr_945a2231 status=200 duration_ms=2.30 user=usr_367ea766
GET /api/v1/chat/work-items status=200 duration_ms=6.65 user=usr_367ea766
GET /api/v1/chat/users status=200 duration_ms=7.80 user=usr_367ea766
GET /api/v1/chat/groups status=200 duration_ms=4.03 user=usr_367ea766
GET /api/v1/chat/work-items status=200 duration_ms=3.78 user=usr_367ea766
DELETE /api/v1/chat/dm/usr_945a2231/messages/msg_88e831fd status=404 duration_ms=0.42 user=usr_367ea766
POST /api/v1/chat/dm/usr_945a2231/messages/msg_88e831fd/delete status=404 duration_ms=0.28 user=usr_367ea766
DELETE /api/v1/chat/dm/usr_945a2231/messages/msg_88e831fd status=404 duration_ms=0.47 user=usr_367ea766
POST /api/v1/chat/dm/usr_945a2231/messages/msg_88e831fd/delete status=404 duration_ms=0.49 user=usr_367ea766
GET /api/v1/chat/groups status=200 duration_ms=5.37 user=usr_367ea766
GET /api/v1/chat/users status=200 duration_ms=9.36 user=usr_367ea766
GET /api/v1/chat/dm/usr_945a2231 status=200 duration_ms=7.56 user=usr_367ea766
POST /api/v1/auth/login status=200 duration_ms=236.21 user=anonymous
GET /api/v1/chat/groups status=200 duration_ms=2.41 user=usr_367ea766
GET /api/v1/chat/users status=200 duration_ms=11.00 user=usr_367ea766
GET /api/v1/chat/dm/usr_945a2231 status=200 duration_ms=5.44 user=usr_367ea766
GET /api/v1/chat/work-items status=200 duration_ms=15.58 user=usr_367ea766
GET /api/v1/chat/users status=200 duration_ms=12.93 user=usr_367ea766
GET /api/v1/chat/groups status=200 duration_ms=9.98 user=usr_367ea766
GET /api/v1/chat/work-items status=200 duration_ms=6.74 user=usr_367ea766
DELETE /api/v1/chat/dm/usr_945a2231/messages/msg_88e831fd status=404 duration_ms=0.39 user=usr_367ea766
POST /api/v1/chat/dm/usr_945a2231/messages/msg_88e831fd/delete status=404 duration_ms=0.36 user=usr_367ea766
GET /api/v1/chat/users status=200 duration_ms=11.76 user=usr_367ea766
GET /api/v1/chat/groups status=200 duration_ms=11.56 user=usr_367ea766
GET /api/v1/chat/dm/usr_945a2231 status=200 duration_ms=3.22 user=usr_367ea766
GET /api/v1/chat/users status=200 duration_ms=5.10 user=usr_367ea766
GET /api/v1/chat/groups status=200 duration_ms=4.27 user=usr_367ea766
GET /api/v1/chat/dm/usr_945a2231 status=200 duration_ms=3.89 user=usr_367ea766
GET /api/v1/chat/work-items status=200 duration_ms=9.95 user=usr_367ea766
GET /api/v1/chat/users status=200 duration_ms=8.58 user=usr_367ea766
GET /api/v1/chat/groups status=200 duration_ms=6.54 user=usr_367ea766
GET /api/v1/chat/work-items status=200 duration_ms=8.48 user=usr_367ea766
GET /openapi.json status=200 duration_ms=0.82 user=anonymous
DELETE /api/v1/chat/dm/usr_945a2231/messages/msg_88e831fd status=404 duration_ms=0.41 user=usr_367ea766
POST /api/v1/chat/dm/usr_945a2231/messages/msg_88e831fd/delete status=404 duration_ms=0.35 user=usr_367ea766
GET /openapi.json status=200 duration_ms=1.02 user=anonymous
GET /openapi.json status=200 duration_ms=1.21 user=anonymous
DELETE /api/v1/chat/dm/usr_945a2231/messages/msg_88e831fd status=200 duration_ms=16.74 user=usr_367ea766
DELETE /api/v1/chat/dm/usr_945a2231/messages/msg_88e831fd status=404 duration_ms=0.28 user=usr_367ea766
POST /api/v1/chat/dm/usr_945a2231/messages/msg_88e831fd/delete status=404 duration_ms=0.86 user=usr_367ea766
GET /api/v1/chat/users status=200 duration_ms=8.12 user=usr_367ea766
GET /api/v1/chat/groups status=200 duration_ms=7.62 user=usr_367ea766
GET /api/v1/chat/dm/usr_945a2231 status=200 duration_ms=5.37 user=usr_367ea766
GET /api/v1/chat/users status=200 duration_ms=5.92 user=usr_367ea766
GET /api/v1/chat/groups status=200 duration_ms=2.93 user=usr_367ea766
GET /api/v1/chat/dm/usr_945a2231 status=200 duration_ms=6.01 user=usr_367ea766
GET /api/v1/chat/work-items status=200 duration_ms=12.24 user=usr_367ea766
GET /api/v1/chat/groups status=200 duration_ms=16.32 user=usr_367ea766
GET /api/v1/chat/users status=200 duration_ms=12.03 user=usr_367ea766
GET /api/v1/chat/work-items status=200 duration_ms=7.62 user=usr_367ea766
DELETE /api/v1/chat/dm/usr_945a2231/messages/msg_1ed4fead status=404 duration_ms=0.64 user=usr_367ea766
POST /api/v1/chat/dm/usr_945a2231/messages/msg_1ed4fead/delete status=404 duration_ms=0.77 user=usr_367ea766
GET /api/v1/chat/users status=200 duration_ms=5.12 user=usr_367ea766
GET /api/v1/chat/groups status=200 duration_ms=2.84 user=usr_367ea766
GET /api/v1/chat/dm/usr_945a2231 status=200 duration_ms=4.08 user=usr_367ea766
GET /api/v1/health status=200 duration_ms=1.34 user=anonymous
GET /openapi.json status=200 duration_ms=1.57 user=anonymous
GET /api/v1/health status=200 duration_ms=0.84 user=anonymous
GET /api/v1/health status=200 duration_ms=1.31 user=anonymous
GET /api/v1/health status=200 duration_ms=1.27 user=anonymous
GET /openapi.json status=200 duration_ms=252.27 user=anonymous
GET /api/v1/health status=200 duration_ms=5.33 user=anonymous
POST /api/v1/auth/login status=200 duration_ms=274.69 user=anonymous
GET /api/v1/chat/groups status=200 duration_ms=4.86 user=usr_367ea766
GET /api/v1/chat/users status=200 duration_ms=7.70 user=usr_367ea766
GET /api/v1/chat/dm/usr_945a2231 status=200 duration_ms=7.86 user=usr_367ea766
GET /api/v1/chat/work-items status=200 duration_ms=16.78 user=usr_367ea766
GET /api/v1/chat/groups status=200 duration_ms=14.24 user=usr_367ea766
GET /api/v1/chat/users status=200 duration_ms=18.48 user=usr_367ea766
GET /api/v1/chat/work-items status=200 duration_ms=17.31 user=usr_367ea766
GET /api/v1/health status=200 duration_ms=0.95 user=anonymous
DELETE /api/v1/chat/dm/usr_945a2231/messages/msg_1ed4fead status=200 duration_ms=13.24 user=usr_367ea766
POST /api/v1/calendar/fetch-ics status=200 duration_ms=853.35 user=usr_367ea766
GET /api/v1/workflow/items status=200 duration_ms=8.27 user=usr_367ea766
GET /api/v1/workflow/logs status=200 duration_ms=13.26 user=usr_367ea766
GET /api/v1/workflow/items status=200 duration_ms=13.44 user=usr_367ea766
GET /api/v1/workflow/logs status=200 duration_ms=9.22 user=usr_367ea766
GET /api/v1/workflow/items status=200 duration_ms=5.59 user=usr_367ea766
GET /api/v1/workflow/items status=200 duration_ms=4.33 user=usr_367ea766
GET /api/v1/workflow/logs status=200 duration_ms=16.23 user=usr_367ea766
GET /api/v1/workflow/logs status=200 duration_ms=14.63 user=usr_367ea766
GET /api/v1/workflow/items status=200 duration_ms=4.82 user=usr_367ea766
GET /api/v1/workflow/logs status=200 duration_ms=3.07 user=usr_367ea766
GET /api/v1/workflow/items status=200 duration_ms=5.30 user=usr_367ea766
GET /api/v1/workflow/logs status=200 duration_ms=5.23 user=usr_367ea766
GET /api/v1/workflow/items status=200 duration_ms=2.85 user=usr_367ea766
GET /api/v1/workflow/items status=200 duration_ms=3.45 user=usr_367ea766
GET /api/v1/chat/users status=200 duration_ms=3.79 user=usr_367ea766
GET /api/v1/chat/groups status=200 duration_ms=2.48 user=usr_367ea766
GET /api/v1/chat/dm/usr_945a2231 status=200 duration_ms=4.91 user=usr_367ea766
GET /api/v1/chat/users status=200 duration_ms=20.30 user=usr_367ea766
GET /api/v1/chat/work-items status=200 duration_ms=12.10 user=usr_367ea766
GET /api/v1/chat/groups status=200 duration_ms=30.31 user=usr_367ea766
GET /api/v1/chat/work-items status=200 duration_ms=27.26 user=usr_367ea766
GET /api/v1/chat/work-items status=200 duration_ms=5.73 user=usr_367ea766
GET /api/v1/chat/work-items status=200 duration_ms=4.30 user=usr_367ea766
GET /api/v1/chat/work-items status=200 duration_ms=2.70 user=usr_367ea766
GET /api/v1/chat/work-items status=200 duration_ms=4.11 user=usr_367ea766
GET /api/v1/chat/work-items status=200 duration_ms=7.35 user=usr_367ea766
GET /api/v1/chat/work-items status=200 duration_ms=3.60 user=usr_367ea766
GET /api/v1/chat/work-items status=200 duration_ms=4.22 user=usr_367ea766
GET /api/v1/chat/groups status=200 duration_ms=11.45 user=usr_367ea766
GET /api/v1/chat/users status=200 duration_ms=23.42 user=usr_367ea766
GET /api/v1/chat/dm/usr_945a2231 status=200 duration_ms=10.74 user=usr_367ea766
GET /api/v1/chat/users status=200 duration_ms=10.14 user=usr_367ea766
GET /api/v1/chat/groups status=200 duration_ms=6.54 user=usr_367ea766
GET /api/v1/chat/dm/usr_945a2231 status=200 duration_ms=5.93 user=usr_367ea766
GET /api/v1/chat/work-items status=200 duration_ms=57.71 user=usr_367ea766
GET /api/v1/chat/work-items status=200 duration_ms=47.72 user=usr_367ea766
GET /api/v1/chat/groups status=200 duration_ms=2.73 user=usr_367ea766
GET /api/v1/chat/users status=200 duration_ms=19.03 user=usr_367ea766
POST /api/v1/auth/login status=200 duration_ms=428.77 user=anonymous
GET /api/v1/chat/users status=200 duration_ms=6.16 user=usr_367ea766
GET /api/v1/chat/groups status=200 duration_ms=2.80 user=usr_367ea766
GET /api/v1/chat/dm/usr_945a2231 status=200 duration_ms=3.38 user=usr_367ea766
GET /api/v1/chat/work-items status=200 duration_ms=19.84 user=usr_367ea766
GET /api/v1/chat/groups status=200 duration_ms=19.75 user=usr_367ea766
GET /api/v1/chat/users status=200 duration_ms=19.20 user=usr_367ea766
GET /api/v1/chat/work-items status=200 duration_ms=21.04 user=usr_367ea766
GET /api/v1/workflow/items status=200 duration_ms=14.44 user=usr_367ea766
GET /api/v1/workflow/items status=200 duration_ms=20.37 user=usr_367ea766
GET /api/v1/workflow/logs status=200 duration_ms=16.09 user=usr_367ea766
GET /api/v1/workflow/logs status=200 duration_ms=18.99 user=usr_367ea766
GET /api/v1/chat/groups status=200 duration_ms=8.79 user=usr_367ea766
GET /api/v1/chat/users status=200 duration_ms=15.97 user=usr_367ea766
GET /api/v1/chat/dm/usr_945a2231 status=200 duration_ms=5.06 user=usr_367ea766
GET /api/v1/chat/users status=200 duration_ms=14.12 user=usr_367ea766
GET /api/v1/chat/work-items status=200 duration_ms=25.25 user=usr_367ea766
GET /api/v1/chat/work-items status=200 duration_ms=16.00 user=usr_367ea766
GET /api/v1/chat/groups status=200 duration_ms=4.29 user=usr_367ea766
POST /api/v1/chat/dm/usr_945a2231 status=200 duration_ms=9.80 user=usr_367ea766
GET /api/v1/chat/dm/usr_945a2231 status=200 duration_ms=1.99 user=usr_367ea766
POST /api/v1/chat/extract-tasks status=200 duration_ms=3.95 user=usr_367ea766
POST /api/v1/chat/dm/usr_945a2231 status=200 duration_ms=7.75 user=usr_367ea766
GET /api/v1/chat/dm/usr_945a2231 status=200 duration_ms=2.94 user=usr_367ea766
POST /api/v1/chat/extract-tasks status=200 duration_ms=5.26 user=usr_367ea766
POST /api/v1/chat/dm/usr_945a2231 status=200 duration_ms=8.66 user=usr_367ea766
GET /api/v1/chat/dm/usr_945a2231 status=200 duration_ms=2.93 user=usr_367ea766
POST /api/v1/chat/extract-tasks status=200 duration_ms=6.21 user=usr_367ea766
POST /api/v1/chat/dm/usr_945a2231 status=200 duration_ms=8.89 user=usr_367ea766
GET /api/v1/chat/dm/usr_945a2231 status=200 duration_ms=3.24 user=usr_367ea766
POST /api/v1/chat/extract-tasks status=200 duration_ms=7.15 user=usr_367ea766
POST /api/v1/chat/dm/usr_945a2231 status=200 duration_ms=8.20 user=usr_367ea766
GET /api/v1/chat/dm/usr_945a2231 status=200 duration_ms=2.55 user=usr_367ea766
POST /api/v1/chat/extract-tasks status=200 duration_ms=8499.81 user=usr_367ea766
POST /api/v1/chat/suggest-time-slots status=200 duration_ms=25.40 user=usr_367ea766
POST /api/v1/chat/suggest-time-slots status=200 duration_ms=16.26 user=usr_367ea766
POST /api/v1/chat/apply-task-action status=200 duration_ms=38.52 user=usr_367ea766
GET /api/v1/chat/work-items status=200 duration_ms=2.45 user=usr_367ea766
GET /api/v1/workflow/items status=200 duration_ms=17.15 user=usr_367ea766
GET /api/v1/workflow/logs status=200 duration_ms=16.02 user=usr_367ea766
GET /api/v1/workflow/items status=200 duration_ms=14.28 user=usr_367ea766
GET /api/v1/workflow/logs status=200 duration_ms=9.12 user=usr_367ea766
GET /api/v1/workflow/items status=200 duration_ms=30.63 user=usr_367ea766
GET /api/v1/workflow/logs status=200 duration_ms=29.62 user=usr_367ea766
GET /api/v1/workflow/items status=200 duration_ms=28.45 user=usr_367ea766
GET /api/v1/workflow/logs status=200 duration_ms=29.57 user=usr_367ea766
GET /api/v1/workflow/items status=200 duration_ms=17.98 user=usr_367ea766
GET /api/v1/workflow/logs status=200 duration_ms=16.86 user=usr_367ea766
GET /api/v1/workflow/logs status=200 duration_ms=15.46 user=usr_367ea766
GET /api/v1/workflow/items status=200 duration_ms=20.17 user=usr_367ea766
GET /api/v1/chat/groups status=200 duration_ms=5.73 user=usr_367ea766
GET /api/v1/chat/users status=200 duration_ms=3.91 user=usr_367ea766
GET /api/v1/chat/dm/usr_945a2231 status=200 duration_ms=6.57 user=usr_367ea766
GET /api/v1/chat/users status=200 duration_ms=3.89 user=usr_367ea766
GET /api/v1/chat/work-items status=200 duration_ms=20.32 user=usr_367ea766
GET /api/v1/chat/groups status=200 duration_ms=17.58 user=usr_367ea766
GET /api/v1/chat/work-items status=200 duration_ms=15.63 user=usr_367ea766
GET /api/v1/workflow/items status=200 duration_ms=9.93 user=usr_367ea766
GET /api/v1/workflow/items status=200 duration_ms=16.32 user=usr_367ea766
GET /api/v1/workflow/logs status=200 duration_ms=14.37 user=usr_367ea766
GET /api/v1/workflow/logs status=200 duration_ms=15.90 user=usr_367ea766
GET /api/v1/workflow/items status=200 duration_ms=5.07 user=usr_367ea766
GET /api/v1/workflow/logs status=200 duration_ms=2.49 user=usr_367ea766
GET /api/v1/workflow/logs status=200 duration_ms=5.39 user=usr_367ea766
GET /api/v1/workflow/items status=200 duration_ms=6.40 user=usr_367ea766
GET /api/v1/workflow/items status=200 duration_ms=13.67 user=usr_367ea766
GET /api/v1/workflow/logs status=200 duration_ms=12.04 user=usr_367ea766
GET /api/v1/workflow/items status=200 duration_ms=11.36 user=usr_367ea766
GET /api/v1/workflow/logs status=200 duration_ms=11.82 user=usr_367ea766
GET /api/v1/workflow/items status=200 duration_ms=31.06 user=usr_367ea766
GET /api/v1/workflow/logs status=200 duration_ms=54.43 user=usr_367ea766
GET /api/v1/workflow/items status=200 duration_ms=51.57 user=usr_367ea766
GET /api/v1/workflow/logs status=200 duration_ms=5.86 user=usr_367ea766
GET /api/v1/workflow/items status=200 duration_ms=14.35 user=usr_367ea766
GET /api/v1/workflow/logs status=200 duration_ms=11.15 user=usr_367ea766
GET /api/v1/workflow/items status=200 duration_ms=13.74 user=usr_367ea766
GET /api/v1/workflow/logs status=200 duration_ms=13.88 user=usr_367ea766
GET /api/v1/workflow/items status=200 duration_ms=35.46 user=usr_367ea766
GET /api/v1/workflow/logs status=200 duration_ms=20.78 user=usr_367ea766
GET /api/v1/workflow/items status=200 duration_ms=35.99 user=usr_367ea766
GET /api/v1/workflow/logs status=200 duration_ms=22.30 user=usr_367ea766
GET /api/v1/chat/groups status=200 duration_ms=51.49 user=usr_367ea766
GET /api/v1/chat/users status=200 duration_ms=28.09 user=usr_367ea766
GET /api/v1/chat/dm/usr_945a2231 status=200 duration_ms=61.06 user=usr_367ea766
GET /api/v1/chat/work-items status=200 duration_ms=28.08 user=usr_367ea766
GET /api/v1/chat/groups status=200 duration_ms=29.80 user=usr_367ea766
GET /api/v1/chat/work-items status=200 duration_ms=41.68 user=usr_367ea766
GET /api/v1/chat/users status=200 duration_ms=49.91 user=usr_367ea766
GET /api/v1/chat/groups status=200 duration_ms=8.83 user=usr_367ea766
GET /api/v1/chat/users status=200 duration_ms=5.10 user=usr_367ea766
GET /api/v1/chat/dm/usr_945a2231 status=200 duration_ms=6.43 user=usr_367ea766
GET /api/v1/chat/work-items status=200 duration_ms=4.78 user=usr_367ea766
GET /api/v1/chat/users status=200 duration_ms=33.08 user=usr_367ea766
GET /api/v1/chat/groups status=200 duration_ms=35.19 user=usr_367ea766
GET /api/v1/chat/work-items status=200 duration_ms=10.77 user=usr_367ea766
GET /api/v1/workflow/items status=200 duration_ms=22.64 user=usr_367ea766
GET /api/v1/workflow/items status=200 duration_ms=20.15 user=usr_367ea766
GET /api/v1/workflow/logs status=200 duration_ms=21.91 user=usr_367ea766
GET /api/v1/workflow/logs status=200 duration_ms=13.79 user=usr_367ea766
GET /api/v1/workflow/items status=200 duration_ms=65.42 user=usr_367ea766
GET /api/v1/workflow/items status=200 duration_ms=63.66 user=usr_367ea766
GET /api/v1/workflow/logs status=200 duration_ms=64.03 user=usr_367ea766
GET /api/v1/workflow/logs status=200 duration_ms=65.02 user=usr_367ea766
GET /api/v1/workflow/items status=200 duration_ms=21.57 user=usr_367ea766
GET /api/v1/workflow/items status=200 duration_ms=17.26 user=usr_367ea766
GET /api/v1/workflow/logs status=200 duration_ms=22.52 user=usr_367ea766
GET /api/v1/workflow/logs status=200 duration_ms=20.34 user=usr_367ea766
GET /api/v1/workflow/items status=200 duration_ms=20.16 user=usr_367ea766
GET /api/v1/workflow/logs status=200 duration_ms=19.18 user=usr_367ea766
GET /api/v1/workflow/items status=200 duration_ms=12.07 user=usr_367ea766
GET /api/v1/workflow/logs status=200 duration_ms=16.99 user=usr_367ea766
GET /api/v1/chat/users status=200 duration_ms=6.83 user=usr_367ea766
GET /api/v1/chat/groups status=200 duration_ms=2.77 user=usr_367ea766
GET /api/v1/chat/dm/usr_945a2231 status=200 duration_ms=5.39 user=usr_367ea766
GET /api/v1/chat/work-items status=200 duration_ms=21.60 user=usr_367ea766
GET /api/v1/chat/users status=200 duration_ms=20.05 user=usr_367ea766
GET /api/v1/chat/groups status=200 duration_ms=20.80 user=usr_367ea766
GET /api/v1/chat/work-items status=200 duration_ms=4.49 user=usr_367ea766
POST /api/v1/calendar/fetch-ics status=200 duration_ms=1154.81 user=usr_367ea766
POST /api/v1/chat/extract-tasks status=200 duration_ms=6093.05 user=usr_367ea766
POST /api/v1/chat/suggest-time-slots status=200 duration_ms=19.11 user=usr_367ea766
POST /api/v1/chat/suggest-time-slots status=200 duration_ms=26.56 user=usr_367ea766
POST /api/v1/chat/suggest-time-slots status=200 duration_ms=33.88 user=usr_367ea766
POST /api/v1/chat/suggest-time-slots status=200 duration_ms=19.98 user=usr_367ea766
POST /api/v1/chat/suggest-time-slots status=200 duration_ms=21.44 user=usr_367ea766
POST /api/v1/chat/suggest-time-slots status=200 duration_ms=24.67 user=usr_367ea766
POST /api/v1/chat/apply-task-action status=200 duration_ms=21.52 user=usr_367ea766
POST /api/v1/chat/suggest-time-slots status=200 duration_ms=16.40 user=usr_367ea766
GET /api/v1/chat/work-items status=200 duration_ms=11.28 user=usr_367ea766
POST /api/v1/chat/suggest-time-slots status=200 duration_ms=24.97 user=usr_367ea766
POST /api/v1/chat/suggest-time-slots status=200 duration_ms=22.96 user=usr_367ea766
POST /api/v1/chat/suggest-time-slots status=200 duration_ms=17.98 user=usr_367ea766
POST /api/v1/chat/apply-task-action status=200 duration_ms=31.96 user=usr_367ea766
GET /api/v1/chat/work-items status=200 duration_ms=2.57 user=usr_367ea766
POST /api/v1/chat/apply-task-action status=200 duration_ms=15.27 user=usr_367ea766
GET /api/v1/chat/work-items status=200 duration_ms=5.01 user=usr_367ea766
GET /api/v1/workflow/items status=200 duration_ms=13.30 user=usr_367ea766
GET /api/v1/workflow/logs status=200 duration_ms=12.98 user=usr_367ea766
GET /api/v1/workflow/logs status=200 duration_ms=13.51 user=usr_367ea766
GET /api/v1/workflow/items status=200 duration_ms=14.92 user=usr_367ea766
GET /api/v1/chat/groups status=200 duration_ms=5.29 user=usr_367ea766
GET /api/v1/chat/users status=200 duration_ms=10.27 user=usr_367ea766
GET /api/v1/chat/dm/usr_945a2231 status=200 duration_ms=5.88 user=usr_367ea766
GET /api/v1/chat/work-items status=200 duration_ms=4.46 user=usr_367ea766
GET /api/v1/chat/groups status=200 duration_ms=6.01 user=usr_367ea766
GET /api/v1/chat/users status=200 duration_ms=54.73 user=usr_367ea766
GET /api/v1/chat/work-items status=200 duration_ms=54.07 user=usr_367ea766
POST /api/v1/chat/extract-tasks status=200 duration_ms=3730.59 user=usr_367ea766
POST /api/v1/chat/suggest-time-slots status=200 duration_ms=22.91 user=usr_367ea766
POST /api/v1/chat/suggest-time-slots status=200 duration_ms=19.89 user=usr_367ea766
POST /api/v1/chat/suggest-time-slots status=200 duration_ms=24.45 user=usr_367ea766
POST /api/v1/chat/suggest-time-slots status=200 duration_ms=23.35 user=usr_367ea766
POST /api/v1/chat/suggest-time-slots status=200 duration_ms=17.32 user=usr_367ea766
POST /api/v1/chat/suggest-time-slots status=200 duration_ms=28.08 user=usr_367ea766
GET /api/v1/chat/users status=200 duration_ms=5.14 user=usr_367ea766
GET /api/v1/chat/work-items status=200 duration_ms=10.91 user=usr_367ea766
GET /api/v1/chat/groups status=200 duration_ms=10.06 user=usr_367ea766
GET /api/v1/chat/users status=200 duration_ms=67.44 user=usr_367ea766
GET /api/v1/chat/groups status=200 duration_ms=66.50 user=usr_367ea766
GET /api/v1/chat/groups status=200 duration_ms=8.85 user=usr_367ea766
GET /api/v1/chat/users status=200 duration_ms=8.25 user=usr_367ea766
GET /api/v1/chat/users status=200 duration_ms=4.25 user=usr_367ea766
GET /api/v1/chat/dm/usr_945a2231 status=200 duration_ms=18.12 user=usr_367ea766
GET /api/v1/chat/work-items status=200 duration_ms=20.36 user=usr_367ea766
GET /api/v1/chat/groups status=200 duration_ms=9.54 user=usr_367ea766
GET /api/v1/chat/work-items status=200 duration_ms=10.34 user=usr_367ea766
GET /api/v1/chat/groups status=200 duration_ms=6.83 user=usr_367ea766
GET /api/v1/chat/users status=200 duration_ms=10.81 user=usr_367ea766
GET /api/v1/chat/dm/usr_945a2231 status=200 duration_ms=3.85 user=usr_367ea766
GET /api/v1/chat/work-items status=200 duration_ms=9.01 user=usr_367ea766
GET /api/v1/chat/users status=200 duration_ms=5.34 user=usr_367ea766
GET /api/v1/chat/work-items status=200 duration_ms=9.11 user=usr_367ea766
GET /api/v1/chat/groups status=200 duration_ms=16.22 user=usr_367ea766
GET /api/v1/chat/task-analysis-sections status=200 duration_ms=24.01 user=usr_367ea766
GET /api/v1/chat/task-analysis-sections status=200 duration_ms=17.58 user=usr_367ea766
GET /api/v1/chat/task-analysis-sections status=200 duration_ms=19.24 user=usr_367ea766
GET /api/v1/chat/users status=200 duration_ms=10.67 user=usr_367ea766
GET /api/v1/chat/groups status=200 duration_ms=10.04 user=usr_367ea766
GET /api/v1/chat/users status=200 duration_ms=14.59 user=usr_367ea766
GET /api/v1/chat/task-analysis-sections status=200 duration_ms=9.53 user=usr_367ea766
GET /api/v1/chat/groups status=200 duration_ms=2.68 user=usr_367ea766
GET /api/v1/chat/task-analysis-sections status=200 duration_ms=18.58 user=usr_367ea766
GET /api/v1/chat/users status=200 duration_ms=7.81 user=usr_367ea766
GET /api/v1/chat/groups status=200 duration_ms=3.12 user=usr_367ea766
GET /api/v1/chat/groups status=200 duration_ms=3.14 user=usr_367ea766
GET /api/v1/chat/users status=200 duration_ms=8.17 user=usr_367ea766
GET /api/v1/chat/task-analysis-sections status=200 duration_ms=13.27 user=usr_367ea766
GET /api/v1/chat/users status=200 duration_ms=12.71 user=usr_367ea766
GET /api/v1/chat/groups status=200 duration_ms=8.12 user=usr_367ea766
GET /api/v1/chat/dm/usr_945a2231 status=200 duration_ms=4.68 user=usr_367ea766
GET /api/v1/chat/users status=200 duration_ms=19.40 user=usr_367ea766
GET /api/v1/chat/groups status=200 duration_ms=20.24 user=usr_367ea766
GET /api/v1/chat/work-items status=200 duration_ms=17.26 user=usr_367ea766
GET /api/v1/chat/task-analysis-sections status=200 duration_ms=27.92 user=usr_367ea766
GET /api/v1/chat/work-items status=200 duration_ms=18.91 user=usr_367ea766
GET /api/v1/chat/task-analysis-sections status=200 duration_ms=7.51 user=usr_367ea766
GET /api/v1/chat/work-items status=200 duration_ms=6.14 user=usr_367ea766
POST /api/v1/chat/extract-tasks status=200 duration_ms=6.08 user=usr_367ea766
POST /api/v1/chat/dm/usr_945a2231 status=200 duration_ms=10.27 user=usr_367ea766
GET /api/v1/chat/dm/usr_945a2231 status=200 duration_ms=2.85 user=usr_367ea766
POST /api/v1/chat/extract-tasks status=200 duration_ms=7.85 user=usr_367ea766
GET /api/v1/chat/task-analysis-sections status=200 duration_ms=6.44 user=usr_367ea766
POST /api/v1/chat/extract-tasks status=200 duration_ms=5.93 user=usr_367ea766
GET /api/v1/chat/users status=200 duration_ms=25.61 user=usr_367ea766
GET /api/v1/chat/groups status=200 duration_ms=5.75 user=usr_367ea766
GET /api/v1/chat/dm/usr_945a2231 status=200 duration_ms=12.87 user=usr_367ea766
GET /api/v1/chat/work-items status=200 duration_ms=39.37 user=usr_367ea766
GET /api/v1/chat/task-analysis-sections status=200 duration_ms=30.48 user=usr_367ea766
GET /api/v1/chat/users status=200 duration_ms=26.97 user=usr_367ea766
GET /api/v1/chat/groups status=200 duration_ms=11.48 user=usr_367ea766
GET /api/v1/chat/work-items status=200 duration_ms=8.39 user=usr_367ea766
GET /api/v1/chat/task-analysis-sections status=200 duration_ms=14.47 user=usr_367ea766
GET /api/v1/chat/users status=200 duration_ms=12.77 user=usr_367ea766
GET /api/v1/chat/groups status=200 duration_ms=13.08 user=usr_367ea766
GET /api/v1/chat/dm/usr_945a2231 status=200 duration_ms=4.17 user=usr_367ea766
GET /api/v1/chat/users status=200 duration_ms=11.83 user=usr_367ea766
GET /api/v1/chat/work-items status=200 duration_ms=29.24 user=usr_367ea766
GET /api/v1/chat/task-analysis-sections status=200 duration_ms=24.41 user=usr_367ea766
GET /api/v1/chat/groups status=200 duration_ms=6.79 user=usr_367ea766
GET /api/v1/chat/work-items status=200 duration_ms=6.73 user=usr_367ea766
GET /api/v1/chat/task-analysis-sections status=200 duration_ms=7.35 user=usr_367ea766
GET /api/v1/chat/search status=200 duration_ms=3.24 user=usr_367ea766
GET /api/v1/chat/dm/usr_945a2231 status=200 duration_ms=2.25 user=usr_367ea766
GET /api/v1/chat/groups status=200 duration_ms=2.00 user=usr_367ea766
GET /api/v1/chat/dm/usr_945a2231 status=200 duration_ms=3.26 user=usr_367ea766
GET /api/v1/chat/groups status=200 duration_ms=2.08 user=usr_367ea766
GET /api/v1/chat/dm/usr_945a2231 status=200 duration_ms=3.06 user=usr_367ea766
GET /api/v1/chat/dm/usr_945a2231 status=200 duration_ms=1.85 user=usr_367ea766
GET /api/v1/chat/dm/usr_945a2231 status=200 duration_ms=2.64 user=usr_367ea766
GET /api/v1/chat/search status=200 duration_ms=2.82 user=usr_367ea766
GET /api/v1/chat/dm/usr_945a2231 status=200 duration_ms=1.82 user=usr_367ea766
GET /api/v1/chat/work-items status=200 duration_ms=5.05 user=usr_367ea766
GET /api/v1/chat/task-analysis-sections status=200 duration_ms=7.27 user=usr_367ea766
GET /api/v1/chat/users status=200 duration_ms=3.84 user=usr_367ea766
GET /api/v1/chat/groups status=200 duration_ms=2.62 user=usr_367ea766
GET /api/v1/chat/users status=200 duration_ms=3.98 user=usr_367ea766
GET /api/v1/chat/groups status=200 duration_ms=2.34 user=usr_367ea766
GET /api/v1/chat/task-analysis-sections status=200 duration_ms=8.74 user=usr_367ea766
GET /api/v1/chat/groups status=200 duration_ms=3.29 user=usr_367ea766
GET /api/v1/chat/task-analysis-sections status=200 duration_ms=13.79 user=usr_367ea766
GET /api/v1/chat/users status=200 duration_ms=3.78 user=usr_367ea766
GET /api/v1/chat/groups status=200 duration_ms=8.36 user=usr_367ea766
GET /api/v1/chat/users status=200 duration_ms=7.29 user=usr_367ea766
GET /api/v1/chat/dm/usr_945a2231 status=200 duration_ms=10.15 user=usr_367ea766
GET /api/v1/chat/work-items status=200 duration_ms=39.41 user=usr_367ea766
GET /api/v1/chat/work-items status=200 duration_ms=29.89 user=usr_367ea766
GET /api/v1/chat/task-analysis-sections status=200 duration_ms=35.49 user=usr_367ea766
GET /api/v1/chat/groups status=200 duration_ms=31.78 user=usr_367ea766
GET /api/v1/chat/users status=200 duration_ms=34.74 user=usr_367ea766
GET /api/v1/chat/task-analysis-sections status=200 duration_ms=9.59 user=usr_367ea766
GET /api/v1/chat/users status=200 duration_ms=9.74 user=usr_367ea766
GET /api/v1/chat/groups status=200 duration_ms=10.54 user=usr_367ea766
GET /api/v1/chat/dm/usr_945a2231 status=200 duration_ms=6.34 user=usr_367ea766
GET /api/v1/chat/work-items status=200 duration_ms=14.78 user=usr_367ea766
GET /api/v1/chat/task-analysis-sections status=200 duration_ms=16.14 user=usr_367ea766
GET /api/v1/chat/users status=200 duration_ms=7.09 user=usr_367ea766
GET /api/v1/chat/groups status=200 duration_ms=4.17 user=usr_367ea766
GET /api/v1/chat/work-items status=200 duration_ms=8.45 user=usr_367ea766
GET /api/v1/chat/task-analysis-sections status=200 duration_ms=11.38 user=usr_367ea766
GET /api/v1/chat/task-analysis-sections status=200 duration_ms=11.06 user=usr_367ea766
GET /api/v1/chat/users status=200 duration_ms=18.89 user=usr_367ea766
GET /api/v1/chat/groups status=200 duration_ms=7.15 user=usr_367ea766
GET /api/v1/chat/task-analysis-sections status=200 duration_ms=6.98 user=usr_367ea766
GET /api/v1/chat/users status=200 duration_ms=4.14 user=usr_367ea766
GET /api/v1/chat/groups status=200 duration_ms=3.28 user=usr_367ea766
GET /api/v1/chat/users status=200 duration_ms=10.55 user=usr_367ea766
GET /api/v1/chat/groups status=200 duration_ms=4.71 user=usr_367ea766
GET /api/v1/chat/dm/usr_945a2231 status=200 duration_ms=8.89 user=usr_367ea766
GET /api/v1/chat/work-items status=200 duration_ms=16.15 user=usr_367ea766
GET /api/v1/chat/task-analysis-sections status=200 duration_ms=21.17 user=usr_367ea766
GET /api/v1/chat/users status=200 duration_ms=7.21 user=usr_367ea766
GET /api/v1/chat/groups status=200 duration_ms=5.18 user=usr_367ea766
GET /api/v1/chat/work-items status=200 duration_ms=8.42 user=usr_367ea766
GET /api/v1/chat/task-analysis-sections status=200 duration_ms=8.89 user=usr_367ea766
GET /api/v1/workflow/items status=200 duration_ms=16.48 user=usr_367ea766
GET /api/v1/workflow/items status=200 duration_ms=13.27 user=usr_367ea766
GET /api/v1/workflow/items status=200 duration_ms=27.94 user=usr_367ea766
GET /api/v1/workflow/logs status=200 duration_ms=27.24 user=usr_367ea766
GET /api/v1/workflow/items status=200 duration_ms=13.02 user=usr_367ea766
GET /api/v1/workflow/logs status=200 duration_ms=26.74 user=usr_367ea766
GET /api/v1/workflow/items status=200 duration_ms=11.02 user=usr_367ea766
GET /api/v1/workflow/logs status=200 duration_ms=11.18 user=usr_367ea766
GET /api/v1/workflow/logs status=200 duration_ms=14.95 user=usr_367ea766
GET /api/v1/workflow/items status=200 duration_ms=20.14 user=usr_367ea766
GET /api/v1/workflow/items status=200 duration_ms=14.28 user=usr_367ea766
GET /api/v1/workflow/items status=200 duration_ms=6.61 user=usr_367ea766
GET /api/v1/workflow/logs status=200 duration_ms=16.84 user=usr_367ea766
GET /api/v1/workflow/logs status=200 duration_ms=15.51 user=usr_367ea766
GET /api/v1/chat/groups status=200 duration_ms=4.98 user=usr_367ea766
GET /api/v1/chat/users status=200 duration_ms=10.84 user=usr_367ea766
GET /api/v1/chat/dm/usr_945a2231 status=200 duration_ms=4.25 user=usr_367ea766
GET /api/v1/chat/work-items status=200 duration_ms=8.56 user=usr_367ea766
GET /api/v1/chat/task-analysis-sections status=200 duration_ms=28.56 user=usr_367ea766
GET /api/v1/chat/work-items status=200 duration_ms=34.39 user=usr_367ea766
GET /api/v1/chat/groups status=200 duration_ms=13.20 user=usr_367ea766
GET /api/v1/chat/users status=200 duration_ms=21.90 user=usr_367ea766
GET /api/v1/chat/task-analysis-sections status=200 duration_ms=8.21 user=usr_367ea766
GET /api/v1/chat/task-analysis-sections status=200 duration_ms=7.81 user=usr_367ea766
GET /api/v1/chat/users status=200 duration_ms=5.41 user=usr_367ea766
GET /api/v1/chat/groups status=200 duration_ms=7.11 user=usr_367ea766
GET /api/v1/chat/users status=200 duration_ms=8.03 user=usr_367ea766
GET /api/v1/chat/groups status=200 duration_ms=3.13 user=usr_367ea766
GET /api/v1/chat/dm/usr_945a2231 status=200 duration_ms=9.95 user=usr_367ea766
GET /api/v1/chat/work-items status=200 duration_ms=47.87 user=usr_367ea766
GET /api/v1/chat/users status=200 duration_ms=49.46 user=usr_367ea766
GET /api/v1/chat/task-analysis-sections status=200 duration_ms=52.27 user=usr_367ea766
GET /api/v1/chat/groups status=200 duration_ms=18.13 user=usr_367ea766
GET /api/v1/chat/work-items status=200 duration_ms=8.05 user=usr_367ea766
GET /api/v1/chat/task-analysis-sections status=200 duration_ms=7.79 user=usr_367ea766
GET /api/v1/workflow/logs status=200 duration_ms=18.44 user=usr_367ea766
GET /api/v1/workflow/logs status=200 duration_ms=23.66 user=usr_367ea766
GET /api/v1/workflow/items status=200 duration_ms=21.81 user=usr_367ea766
GET /api/v1/workflow/items status=200 duration_ms=24.85 user=usr_367ea766
GET /api/v1/workflow/items status=200 duration_ms=13.91 user=usr_367ea766
GET /api/v1/workflow/items status=200 duration_ms=8.39 user=usr_367ea766
GET /api/v1/workflow/logs status=200 duration_ms=15.98 user=usr_367ea766
GET /api/v1/workflow/logs status=200 duration_ms=15.44 user=usr_367ea766
GET /api/v1/workflow/items status=200 duration_ms=13.58 user=usr_367ea766
GET /api/v1/workflow/logs status=200 duration_ms=7.89 user=usr_367ea766
GET /api/v1/workflow/logs status=200 duration_ms=19.15 user=usr_367ea766
GET /api/v1/workflow/items status=200 duration_ms=27.30 user=usr_367ea766
GET /api/v1/chat/users status=200 duration_ms=8.99 user=usr_367ea766
GET /api/v1/chat/groups status=200 duration_ms=6.13 user=usr_367ea766
GET /api/v1/chat/dm/usr_945a2231 status=200 duration_ms=11.83 user=usr_367ea766
GET /api/v1/chat/work-items status=200 duration_ms=9.36 user=usr_367ea766
GET /api/v1/chat/task-analysis-sections status=200 duration_ms=16.01 user=usr_367ea766
GET /api/v1/chat/users status=200 duration_ms=19.91 user=usr_367ea766
GET /api/v1/chat/groups status=200 duration_ms=7.23 user=usr_367ea766
GET /api/v1/chat/work-items status=200 duration_ms=4.28 user=usr_367ea766
GET /api/v1/chat/task-analysis-sections status=200 duration_ms=7.97 user=usr_367ea766
GET /api/v1/chat/dm/usr_945a2231 status=200 duration_ms=3.06 user=usr_367ea766
GET /api/v1/chat/users status=200 duration_ms=3.23 user=usr_367ea766
GET /api/v1/chat/groups status=200 duration_ms=2.48 user=usr_367ea766
GET /api/v1/chat/dm/usr_945a2231 status=200 duration_ms=4.35 user=usr_367ea766
GET /api/v1/chat/task-analysis-sections status=200 duration_ms=7.66 user=usr_367ea766
GET /api/v1/chat/work-items status=200 duration_ms=5.39 user=usr_367ea766
GET /api/v1/chat/users status=200 duration_ms=3.95 user=usr_367ea766
GET /api/v1/chat/groups status=200 duration_ms=2.69 user=usr_367ea766
GET /api/v1/chat/work-items status=200 duration_ms=9.65 user=usr_367ea766
GET /api/v1/chat/task-analysis-sections status=200 duration_ms=11.39 user=usr_367ea766
GET /api/v1/chat/groups status=200 duration_ms=3.14 user=usr_367ea766
GET /api/v1/chat/users status=200 duration_ms=4.32 user=usr_367ea766
GET /api/v1/chat/task-analysis-sections status=200 duration_ms=8.71 user=usr_367ea766
GET /api/v1/chat/users status=200 duration_ms=7.86 user=usr_367ea766
GET /api/v1/chat/task-analysis-sections status=200 duration_ms=9.21 user=usr_367ea766
GET /api/v1/chat/groups status=200 duration_ms=3.12 user=usr_367ea766
GET /api/v1/chat/search status=200 duration_ms=26.82 user=usr_367ea766
GET /api/v1/chat/search status=200 duration_ms=4.18 user=usr_367ea766
GET /api/v1/chat/groups status=200 duration_ms=1.52 user=usr_367ea766
GET /api/v1/chat/search status=200 duration_ms=3.24 user=usr_367ea766
GET /api/v1/chat/search status=200 duration_ms=3.36 user=usr_367ea766
GET /api/v1/chat/dm/usr_945a2231 status=200 duration_ms=4.13 user=usr_367ea766
GET /api/v1/chat/dm/usr_945a2231 status=200 duration_ms=1.85 user=usr_367ea766
GET /api/v1/chat/task-analysis-sections status=200 duration_ms=9.64 user=usr_367ea766
GET /api/v1/chat/users status=200 duration_ms=5.57 user=usr_367ea766
GET /api/v1/chat/groups status=200 duration_ms=8.10 user=usr_367ea766
GET /api/v1/chat/users status=200 duration_ms=4.84 user=usr_367ea766
GET /api/v1/chat/task-analysis-sections status=200 duration_ms=8.48 user=usr_367ea766
GET /api/v1/chat/groups status=200 duration_ms=3.03 user=usr_367ea766
GET /api/v1/chat/users status=200 duration_ms=7.86 user=usr_367ea766
GET /api/v1/chat/groups status=200 duration_ms=8.18 user=usr_367ea766
GET /api/v1/chat/groups status=200 duration_ms=55.21 user=usr_367ea766
GET /api/v1/chat/dm/usr_945a2231 status=200 duration_ms=51.19 user=usr_367ea766
GET /api/v1/chat/work-items status=200 duration_ms=51.37 user=usr_367ea766
GET /api/v1/chat/task-analysis-sections status=200 duration_ms=52.73 user=usr_367ea766
GET /api/v1/chat/work-items status=200 duration_ms=26.73 user=usr_367ea766
GET /api/v1/chat/users status=200 duration_ms=30.85 user=usr_367ea766
GET /api/v1/chat/groups status=200 duration_ms=6.64 user=usr_367ea766
GET /api/v1/chat/users status=200 duration_ms=14.10 user=usr_367ea766
GET /api/v1/chat/task-analysis-sections status=200 duration_ms=18.51 user=usr_367ea766
GET /api/v1/chat/task-analysis-sections status=200 duration_ms=6.14 user=usr_367ea766
GET /api/v1/chat/task-analysis-sections status=200 duration_ms=8.81 user=usr_367ea766
GET /api/v1/chat/groups status=200 duration_ms=3.15 user=usr_367ea766
GET /api/v1/chat/users status=200 duration_ms=11.58 user=usr_367ea766
GET /api/v1/chat/task-analysis-sections status=200 duration_ms=10.61 user=usr_367ea766
GET /api/v1/chat/groups status=200 duration_ms=4.95 user=usr_367ea766
GET /api/v1/chat/users status=200 duration_ms=10.05 user=usr_367ea766
GET /api/v1/chat/task-analysis-sections status=200 duration_ms=10.22 user=usr_367ea766
GET /api/v1/chat/users status=200 duration_ms=4.98 user=usr_367ea766
GET /api/v1/chat/groups status=200 duration_ms=3.03 user=usr_367ea766
GET /api/v1/chat/users status=200 duration_ms=5.00 user=usr_367ea766
GET /api/v1/chat/groups status=200 duration_ms=3.37 user=usr_367ea766
GET /api/v1/chat/dm/usr_945a2231 status=200 duration_ms=3.87 user=usr_367ea766
GET /api/v1/chat/work-items status=200 duration_ms=4.36 user=usr_367ea766
GET /api/v1/chat/users status=200 duration_ms=21.64 user=usr_367ea766
GET /api/v1/chat/groups status=200 duration_ms=29.40 user=usr_367ea766
GET /api/v1/chat/task-analysis-sections status=200 duration_ms=38.70 user=usr_367ea766
GET /api/v1/chat/work-items status=200 duration_ms=27.33 user=usr_367ea766
GET /api/v1/chat/task-analysis-sections status=200 duration_ms=10.19 user=usr_367ea766
GET /api/v1/chat/task-analysis-sections status=200 duration_ms=12.16 user=usr_367ea766
GET /api/v1/chat/users status=200 duration_ms=13.33 user=usr_367ea766
GET /api/v1/chat/groups status=200 duration_ms=2.80 user=usr_367ea766
GET /api/v1/chat/task-analysis-sections status=200 duration_ms=9.94 user=usr_367ea766
GET /api/v1/chat/users status=200 duration_ms=4.38 user=usr_367ea766
GET /api/v1/chat/groups status=200 duration_ms=4.62 user=usr_367ea766
GET /api/v1/chat/task-analysis-sections status=200 duration_ms=8.02 user=usr_367ea766
GET /api/v1/chat/groups status=200 duration_ms=3.87 user=usr_367ea766
GET /api/v1/chat/users status=200 duration_ms=7.87 user=usr_367ea766
GET /api/v1/chat/search status=200 duration_ms=18.37 user=usr_367ea766
GET /api/v1/chat/dm/usr_945a2231 status=200 duration_ms=2.20 user=usr_367ea766
